Hot	Sign in Transcript Add translations	No
Hot	views	No
Hot	Get YouTube without the ads Working	No
Hot	salaries	No
Hot	reviews	No
Hot	office photos	No
Soho	British Board of Film Classification offices	No
Soho	British headquarters of Twentieth Century Fox	No
Soho	Chinatown area	No
Soho	Algerian	No
Soho	Moorish Caf√©	No
Soho	Bellotti	No
Soho	Eiffel Tower	No
Four Seasons	deals from NT	No
Four Seasons	Booking.com NT	No
Four Seasons	Expedia NT	No
Four Seasons	Agoda.com NT	No
Four Seasons	NT	No
Four Seasons	ZenHotels.com NT	No
Four Seasons	Hotels.com NT	No
Four Seasons	TripAdvisor NT	No
Four Seasons	reviews	No
Four Seasons	Reviewed May	No
Four Seasons	Trip.com View Deal Agoda.com NT	No
Four Seasons	Trip.com NT	No
Four Seasons	FourSeasons.com NT	No
Four Seasons	Trip.com View Deal Hotels.com NT	No
Four Seasons	English	No
Four Seasons	room	No
Four Seasons	CHECK IN	No
Four Seasons	February	No
Four Seasons	March	No
Four Seasons	October	No
Four Seasons	May	No
Four Seasons	new	No
Four Seasons	Valley Oaks-Griffin Memorial Park	No
Four Seasons	adults	No
Four Seasons	pay at stay Hotels.com NT	No
Four Seasons	TripAdvisor LLC	No
Four Seasons	review Filter	No
Four Seasons	results Traveler rating Excellent	No
Four Seasons	Traveler rating Excellent	No
Four Seasons	filters Filter Updating list	No
Four Seasons	NIGHTS	No
Four Seasons	Hawaii Level Contributor	No
Four Seasons	hospitality	No
Four Seasons	Communications	No
Four Seasons	content	No
Four Seasons	View all journeys December	No
Four Seasons	‚Äì January	No
Four Seasons	Wait List Only June	No
Four Seasons	‚Äì April	No
Four Seasons	future electronic communications with news	No
Four Seasons	Barbuda Argentina Armenia Aruba Australia Austria Azerbaijan Bahamas Bahrain Bangladesh Barbados Belarus Belgium Belize Benin Bermuda Bhutan Bolivia	No
Four Seasons	Plurinational State of Bonaire	No
Four Seasons	Colombia Comoros Congo Congo	No
Four Seasons	Honduras Hong Kong Hungary Iceland India Indonesia Iran	No
Four Seasons	Man Israel Italy Jamaica Japan Jersey Jordan Kazakhstan Kenya Kiribati Korea	No
Four Seasons	Korea	No
Four Seasons	Democratic Republic Latvia Lebanon Lesotho Liberia Libya Liechtenstein Lithuania Luxembourg Macao Macedonia	No
Four Seasons	former Yugoslav Republic of Madagascar Malawi Malaysia Maldives Mali Malta Marshall Islands Martinique Mauritania Mauritius Mayotte Mexico Micronesia	No
Four Seasons	Moldova	No
Four Seasons	Republic of Monaco Mongolia Montenegro Montserrat Morocco Mozambique Myanmar Namibia Nauru Nepal Netherlands New Caledonia New Zealand Nicaragua Niger Nigeria Niue Norfolk Island Northern Mariana Islands Norway Oman Pakistan Palau Palestinian Territory	No
Four Seasons	Panama Papua New Guinea Paraguay Peru Philippines Pitcairn Poland Portugal Puerto Rico Qatar R√©union Romania Russian Federation Rwanda Saint Barth√©lemy Saint Helena	No
Four Seasons	Jan Mayen Swaziland Sweden Switzerland Syrian Arab Republic Taiwan	No
Four Seasons	Province of China Tajikistan Tanzania	No
Four Seasons	Minor Outlying Islands Uruguay Uzbekistan Vanuatu Venezuela	No
Four Seasons	Bolivarian Republic of Viet Nam Virgin Islands	No
Four Seasons	British Virgin Islands	No
Four Seasons	thoughtful	No
Four Seasons	guest-centric design	No
Four Seasons	industry-first Private Jet experience	No
Four Seasons	exclusive	No
Four Seasons	premium	No
Four Seasons	class	No
Four Seasons	Seasons Private Jet	No
Four Seasons	times past	No
Four Seasons	laser focus on comfort	No
Four Seasons	beauty	No
Four Seasons	board. ‚Äù -Dana Kalczak	No
Four Seasons	Seasons Vice President	No
Four Seasons	Design Mastery in the Sky Introducing interactive experiences	No
Four Seasons	Jan	No
Four Seasons	world by private jet	No
Four Seasons	video	No
Four Seasons	Saint Paul 's cathedral	No
Four Seasons	Convent Garden restaurants	No
Four Seasons	http	No
Four Seasons	Great for Business	No
Four Seasons	hotel NT	No
Four Seasons	View Deal SAVE NT	No
Four Seasons	Reserve	No
Four Seasons	deals FourSeasons.com NT	No
Four Seasons	deals Collapse deals K3894SRjohnw Yuma	No
Four Seasons	Four Seasons Hotel Westlake Village Reviewed May	No
Four Seasons	reviews Nearby Hotels Top Rated Sponsored Four Seasons Hotel Westlake Village NT	No
Four Seasons	websites Hyatt Regency Westlake NT	No
Four Seasons	Residence Inn Los Angeles Westlake Village NT	No
Four Seasons	Trip.com View Deal Reserve	No
Four Seasons	Beach Club Trip.com View Deal Hotels.com Expedia NT	No
Four Seasons	hotels in Westlake Village Reviews	No
Four Seasons	Excellent Stay Staff	No
Four Seasons	Room with river view	No
Four Seasons	white roses	No
Four Seasons	purple lilacs	No
Four Seasons	bridge over Lady Bird Lake Path	No
Four Seasons	Seasons Hotel Austin Reviews Great Property Very nice hotel	No
Four Seasons	Beautiful	No
Four Seasons	clean	No
Four Seasons	price from these sites NT	No
Four Seasons	rewards from loyalty sites View Deal FourSeasons.com NT	No
Four Seasons	deals Trip.com NT	No
Four Seasons	Review of Four Seasons Hotel Austin Reviewed June	No
Four Seasons	Arnold Official Site View Deal TripAdvisor NT	No
Four Seasons	websites Top Rated Fairmont Austin NT	No
Four Seasons	Aiden by Best Western @ Austin City Hotel NT	No
Four Seasons	usual The LINE Austin NT	No
Four Seasons	Official Site NT	No
Four Seasons	South NT	No
Four Seasons	websites The Driskill NT	No
Four Seasons	Agoda.com View Deal Free cancellation Hotels.com NT	No
Four Seasons	usual Sponsored Crowne Plaza Austin NT	No
Four Seasons	CrownePlaza.com View Deal Trip.com Agoda.com NT	No
Four Seasons	Embassy Suites by Hilton Austin Downtown South Congress NT	No
Four Seasons	EmbassySuites.com NT	No
Four Seasons	websites Omni Austin Southpark NT	No
Four Seasons	La Quinta Inn by Wyndham Austin Capitol / Downtown NT	No
Four Seasons	Nights	No
Four Seasons	usual Kimpton Hotel Van Zandt NT	No
Four Seasons	Trip.com View Deal TripAdvisor NT	No
Four Seasons	Hotels.com ZenHotels.com NT	No
Four Seasons	websites Omni Austin Hotel Downtown NT	No
Four Seasons	hotels in Austin Reviews	No
Four Seasons	reviews Tracy R Richmond	No
Four Seasons	jswartzenberg Chicago	No
Four Seasons	parts of the hotel	No
Four Seasons	tequila	No
Four Seasons	huge	No
Four Seasons	louisamuyil Summit	No
Four Seasons	Classy	No
Four Seasons	hotel	No
Four Seasons	new design of the lobby	No
Four Seasons	restaurant	No
Four Seasons	beautiful	No
Four Seasons	Rooms	No
Four Seasons	new hotels like JW Marriott	No
Four Seasons	fsaustin	No
Four Seasons	Reservations Manager at Four Seasons Hotel Austin	No
Four Seasons	Dear louisamuyil	No
Four Seasons	recent renovation	No
Four Seasons	guest rooms	No
Four Seasons	direct result of feedback	No
Four Seasons	Maui Maui Travel Forum Search Browse	No
Four Seasons	Level Contributor	No
Four Seasons	everything	No
Four Seasons	advance	No
Four Seasons	honeymoon	No
Four Seasons	tentative dates	No
Four Seasons	**early arrival	No
Four Seasons	NIGHT	No
Four Seasons	TO FIGURE OUT WHERE TO PUT OUR BAGS	No
Four Seasons	BUY TIME	No
Four Seasons	ITS CLOSE TO THE AIRPORT	No
Four Seasons	CHECK BACK IN	No
Four Seasons	Napili Kai	No
Four Seasons	free in Wailea	No
Four Seasons	FOUR SEASONS WORTH THE MONEY TO STAY THERE	No
Four Seasons	family condo	No
Four Seasons	nights	No
Four Seasons	restaurants	No
Four Seasons	spa	No
Four Seasons	foot massages by the pool lol	No
Four Seasons	full experience	No
Four Seasons	night for club level ocean view	No
Four Seasons	wedding	No
Four Seasons	short	No
Four Seasons	Kaanapali	No
Four Seasons	hotels in Lahaina Ka'anapali Beach Hotel	No
Four Seasons	¬ª fishdiva Kapaa	No
Four Seasons	Sure	No
Four Seasons	other things	No
Four Seasons	Report inappropriate content ChiSue Chicagoland Level Contributor	No
Four Seasons	content BLBL California Level Contributor	No
Four Seasons	Report inappropriate content Shea G Big Island	No
Four Seasons	policy change	No
Four Seasons	hotel guests	No
Four Seasons	case for the other FS Hawaii properties	No
Four Seasons	Contact Twitter Facebook Youtube Instagram Google+ Luxury Travel	No
Four Seasons	Chedi Andermatt	No
Four Seasons	Japanese Restaurant at The Chedi Andermatt	No
Four Seasons	June	No
Four Seasons	former Viceroy Anguilla	No
Four Seasons	Wednesday	No
Four Seasons	November	No
Four Seasons	Daphne Zhang	No
Four Seasons	60th floor	No
Four Seasons	college	No
Four Seasons	new hotels	No
Four Seasons	jobs	No
Four Seasons	hospitality staff in the Philadelphia area last year	No
Four Seasons	new hotels this year	No
Four Seasons	Seasons Hotel	No
Four Seasons	first world heritage city in the nation	No
Four Seasons	Jamie Cooperstein	No
Four Seasons	position in American history	No
Four Seasons	‚Äú	No
Four Seasons	enough hotel rooms in the downtown area	No
Four Seasons	large conventions	No
Four Seasons	airport	No
Four Seasons	inbox	No
Four Seasons	floors of the Comcast Technology Center	No
Four Seasons	Ben Shank	No
Four Seasons	internal	No
Four Seasons	Shank	No
Four Seasons	Internships Contests	No
Four Seasons	Promotions	No
Four Seasons	Welcome	No
Four Seasons	Share Tweet Email KGO By by Cornell Barnard EAST PALO ALTO	No
Four Seasons	past weekend	No
Four Seasons	Seattle	No
Four Seasons	Bay Area	No
Four Seasons	Seasons in East Palo Alto	No
Four Seasons	Sign in Add translations	No
Four Seasons	Mar	No
Four Seasons	Anahita	No
Four Seasons	own sailing boat	No
Four Seasons	Just east of Madagascar	No
Four Seasons	perfect destination	No
Four Seasons	Kids for All Seasons Program	No
Four Seasons	Four Seasons Mauritius	No
Four Seasons	information	No
Four Seasons	feedback	No
Four Seasons	questions	No
Four Seasons	comments	No
Four Seasons	proposals	No
Four Seasons	suggestions	No
Four Seasons	submissions	No
Four Seasons	hotel reviews	No
Four Seasons	photographs	No
Four Seasons	images	No
Four Seasons	designs	No
Four Seasons	music	No
Four Seasons	videos	No
Four Seasons	ideas	No
Four Seasons	concepts	No
Four Seasons	know-how	No
Four Seasons	matches	No
Four Seasons	candle	No
Four Seasons	magnificent views	No
Four Seasons	Budapest	No
Four Seasons	delicious cuisine	No
Four Seasons	tasty drinks	No
Four Seasons	comfortable beds	No
Caprina	USD Per Kg	No
Caprina	@ seair.co	No
Interesting Pizza	sashimi pizza	No
Interesting Pizza	mixture of chili	No
Interesting Pizza	fragrance of pandan rice	No
Interesting Pizza	crunchy ikan bilis	No
Interesting Pizza	other	No
Interesting Pizza	kangaroos	No
Interesting Pizza	ducks	No
Interesting Pizza	crocodiles	No
Interesting Pizza	Notifications	No
Interesting Pizza	EMV FAQs SiteLink	No
Interesting Pizza	SpareFoot Find Local Storage USstoragesearch.com ClickandStor¬Æ Directory Websites	No
Interesting Pizza	Phone Integrations Tenant Notifications Late2Lien RPost Collections Manager SelfStorageSMS‚Ñ¢ Storage Collections XpressCollect SMS / Texting SMS	No
Interesting Pizza	LLC Clickatell Twilio TeleTracker Phone Integration IVR Technology Group CallPotential Self-Storage Insurance	No
Interesting Pizza	Bader Company StorSmart Insurance Company SBOA Tenant Insurance MiniCo Tenant Insurance SAGE Insurance Safestor Cowan Insurance Group Xercor Insurance	No
Interesting Pizza	VaultDrop Unlimited Cloud Storage Magen Smith	No
Interesting Pizza	Monday	No
Interesting Pizza	today	No
Interesting Pizza	last week	No
Interesting Pizza	Mar	No
Interesting Pizza	Search Home ‚Ä∫ Lifestyle ‚Ä∫ Lifestyle General Howdy	No
Interesting Pizza	involved	No
Interesting Pizza	Self-Storage Insurance	No
Interesting Pizza	Sue_C NA Daily Operations Certified	No
Interesting Pizza	Advanced Operations	No
Interesting Pizza	Administrator Certified ‚ú≠‚ú≠‚ú≠‚ú≠‚ú≠ September	No
Interesting Pizza	FXExpress Publications	No
Interesting Pizza	John Wroblewski Apr	No
Interesting Pizza	Chicago Pizza Tours	No
Interesting Pizza	Chicago	No
Interesting Pizza	Jon Porter	No
Interesting Pizza	starting point	No
Interesting Pizza	famous	No
Interesting Pizza	hidden gems	No
Interesting Pizza	eBay spinoff Radial hiring	No
Interesting Pizza	Air Force	No
Interesting Pizza	packaging plant in Goodyear	No
Interesting Pizza	Amazon	No
Interesting Pizza	Mercedes parts	No
Interesting Pizza	Delores Jackson November	No
Interesting Pizza	court reporter a creative outlet ENID	No
Interesting Pizza	Okla. ‚Äî Deco Pizzeria	No
Interesting Pizza	boutique pizzeria in downtown Enid	No
Interesting Pizza	source for eccentric pies	No
Interesting Pizza	avocado on a pizza	No
Interesting Pizza	pepperoni pizza	No
Interesting Pizza	likes of sausage	No
Interesting Pizza	horseradish bits	No
Rosa	]	No
Rosa	na1	No
Rosa	TaKaRa	No
Rosa	satellite	No
Rosa	terrestrial	No
Rosa	DSL	No
Rosa	audio	No
Rosa	alarms	No
Rosa	configuration	No
Rosa	management control	No
Rosa	transfers	No
Rosa	rosid_dicot_genus	No
Rosa	dvn Cataraugue county constituent	No
Rosa	case coe	No
Rosa	Wikipedia	No
Rosa	Binomial name Thalassodes veraria Guen√©e	No
Rosa	Guen√©e	No
Rosa	Pelagodes veraria	No
Rosa	Sri Lanka	No
Rosa	] Fiji	No
Rosa	India	No
Rosa	Java	No
Rosa	Malaysia	No
Rosa	New Guinea	No
Rosa	microsatellite markers	No
Rosa	Shaochuan Shi	No
Rosa	Li	No
Rosa	Liu	No
Rosa	Xiaoqian Cao	No
Rosa	Na Zhao	No
Rosa	Huiyuan Hao	No
Rosa	Yajie Li	No
Rosa	BMC Plant Biology volume	No
Rosa	valuable ornamental	No
Rosa	medicinal crop worldwide	No
Rosa	limited molecular marker resources	No
Rosa	study	No
Rosa	comprehensive nucleotide information	No
Rosa	assembled genomic sequence	No
Rosa	genomic	No
Rosa	transcripts	No
Rosa	polymorphic	No
Rosa	accessions	No
Rosa	history	No
Rosa	separate cluster	No
Rosa	trait improvement	No
Rosa	taxonomy	No
Rosa	selection in plants	No
Rosa	[	No
Rosa	polyploid	No
Rosa	years	No
Rosa	China	No
Rosa	ornamental use	No
Rosa	fourteenth century	No
Rosa	Extensive hybridization between Chinese	No
Rosa	many	No
Rosa	cultivars	No
Rosa	Rosa hybrida L	No
Rosa	Recurrent flowering	No
Rosa	flowering time	No
Rosa	flower organ morphogenesis	No
Rosa	flower color	No
Rosa	other crops	No
Rosa	many uses	No
Rosa	linkage maps	No
Rosa	small-insert R. hybrida genomic libraries	No
Rosa	SSR markers	No
Rosa	Axiom SNP array	No
Rosa	Nonetheless	No
Rosa	available	No
Rosa	codominant	No
Rosa	next-generation sequencing technology	No
Rosa	previous data	No
Rosa	organs	No
Rosa	Samantha ‚Äô	No
Rosa	dark green	No
Rosa	leathery foliage	No
Rosa	Tiangen	No
Rosa	Ltd	No
Rosa	Wuhan	No
Rosa	Bio-analyzer	No
Rosa	Illumina Inc	No
Rosa	San Diego	No
Rosa	template hybridization	No
Rosa	isothermal amplification	No
Rosa	linearization	No
Rosa	first read	No
Rosa	original templates	No
Rosa	sequencing-by-synthesis	No
Rosa	priming bias	No
Rosa	Illumina	No
Rosa	Invitrogen	No
Rosa	phosphorylation	No
Rosa	exo-	No
Rosa	proper templates for downstream enrichment	No
Rosa	Prior	No
Rosa	Q30 quality control	No
Rosa	such as rRNA	No
Rosa	miRNA	No
Rosa	‚Äú N ‚Äù	No
Rosa	adaptor contamination	No
Rosa	default settings	No
Rosa	National Center for Biotechnology Information	No
Rosa	bp in length	No
Rosa	bp	No
Rosa	¬∞C	No
Rosa	possible amplification	No
Rosa	primer pairs for potential functional SSR markers	No
Rosa	similar criteria	No
Rosa	base-pair mismatch	No
Rosa	service providers with a complete	No
Rosa	individual network components	No
Rosa	status of critical revenue-generating video	No
Rosa	Origination Suite devices	No
Rosa	Cisco D9036 Modular Encoding Platform	No
Rosa	Cisco Digital Content Manager	No
Rosa	switches	No
Rosa	local Cisco account representative for details	No
Rosa	users	No
Rosa	Network Management	No
Rosa	wide variety of tools	No
Rosa	applications	No
Rosa	Sun	No
Rosa	Inc	No
Rosa	Interface Classes	No
Rosa	Java API for XML Parsing	No
Rosa	Data Sheet	No
Rosa	object-oriented programming	No
Rosa	extension of C	No
Rosa	ability	No
Rosa	implement	No
Rosa	engineers	No
Rosa	device-oriented management front-end	No
Rosa	Cisco Video Processing devices	No
Rosa	IRDs	No
Rosa	Encoders	No
Rosa	IPTV	No
Rosa	broadcast	No
Rosa	cable networks	No
Rosa	Video Processing devices	No
Rosa	Cisco DCM series	No
Rosa	Cisco D9036 series	No
Rosa	Cisco IRDs	No
Rosa	result	No
Rosa	digital video processing gear in satellite	No
Rosa	cable	No
Rosa	ƒåesky Deutsch ŒïŒªŒªŒ∑ŒΩŒπŒ∫Œ¨ English Espa√±ol Fran√ßais Italiano Êó•Êú¨Ë™û Nederlands Portugu√™s –†—É—Å—Å–∫–∏–π Svenska T√ºrk√ße ¬∞C	No
Rosa	cm	No
Rosa	km/h ¬∞F	No
Rosa	list of self-catered chalets	No
Rosa	ski hotels	No
Rosa	Ristorante L'Ostrica	No
Rosa	Restaurante Bar Veladouro	No
Mild	Reviews from THB	No
Mild	Level Contributor	No
Mild	Report inappropriate content Riff M San Diego Destination Expert for San Diego Level Contributor	No
Mild	San Francisco San Francisco Travel Forum Search Browse	No
Mild	Sydney	No
Mild	Optional Sausalito Ferry Ticket	No
Mild	optional Gourmet Lunch	No
Mild	Full Day Tour from San Francisco	No
Mild	posts	No
Mild	Report inappropriate content Madeleine M San Francisco Level Contributor	No
Mild	Street Sheet	No
Mild	problem	No
Mild	sorry	No
Mild	spare change	No
Mild	way	No
Mild	simple	No
Mild	episode of Monk	No
Mild	time	No
Mild	accession	No
Mild	message other travelers	No
Mild	< < Actually	No
Mild	San Francisco landmark	No
Mild	pilot	No
Mild	first season	No
Mild	exact exact same time sexy massage	No
Mild	Report inappropriate content huntlawoffice Bloomington	No
Mild	Indiana Destination Expert for Bloomington Level Contributor	No
Mild	canyons	No
Mild	PM	No
Mild	wind advisory for the Santa Barbara county mountains	No
Mild	passes	No
Mild	muscle The symptoms	No
Mild	features on this page	No
Mild	Apr	No
Mild	operation of the International Coffee Agreements	No
Mild	Extensions Acceptance * See Instruments of acceptance	No
Mild	Instruments of acceptance	No
Mild	purpose	No
Mild	price ranges	No
Mild	downward	No
Mild	cut in quotas	No
Mild	upward	No
Mild	Agreement	No
Mild	operation of the Agreement	No
Mild	instance	No
Mild	Annual quotas * See Quotas Approval * See Instruments of acceptance	No
Mild	Mild Arabicas	No
Mild	Colombian Arabicas	No
Mild	wet method	No
Mild	good	No
Mild	today	No
Mild	fact	No
Mild	Tenderloin	No
Mild	tourist	No
Mild	unnerving	No
Mild	unfamiliar with urban living	No
Mild	last point	No
Mild	night	No
Mild	comfort level	No
Mild	safe at night	No
Mild	plenty of people	No
Mild	crime in the areas	No
Mild	single female	No
Mild	insert standard	No
Mild	.02	No
Mild	hlo Report inappropriate content lovestotravel032 Sydney	No
Mild	Australia Level Contributor	No
Mild	meaningful	No
Mild	services	No
Mild	further information	No
Mild	cookie settings	No
Mild	site	No
Mild	experience	No
Mild	personalize content	No
Mild	tailor advertising	No
Mild	social media features	No
Mild	use of cookies	No
Mild	Cookie Policy	No
Mild	Exclusions	No
Mild	Cod	No
Mild	Sea Bass	No
Mild	Val San Diego San Francisco San Juan Sandwich Sanibel Island Sant Andreu de Llavaneras Santa Cruz Santa Fe Santa Monica Santa Rosa Santiago S√£o Paulo Sarasota Saulieu Savannah Scottsdale Seattle Sebersdorf Seefeld Shanghai Shelburne Siena Skokie Sonoma Southern Pines Southhampton Southold Springfield St Louis St Paul St Petersburg St. Barthelemy St. Charles St. Croix St. Helena St. John St. Kitts St. Martin St. Michaeals St. Michaels St. Paul St. Thomas Stamford Stanley Stockbridge Styria Sunderland Sydney Tacoma Tain-l'Hermitage Tallahassee Tampa Terrytown Tiverton Tokyo Tonder Tondor Tortola Traverse City Tucson Tulsa Tuscany Tyrol Uhldingen-M√ºhlhofen Verona Vienna Vienne Village St. Jean Virgin Gorda Vonnas Waimea Waitburg Walland Washington Washington	No
Mild	World Great Chefs Oriental Obsessions Great Chefs San Francisco Collection Great Chefs Seafood Sampler¬Æ Great Chefs	No
Mild	Canada Alabama Birminghamf Arizona Tucson	No
Mild	Phoenix Area Arkansas Little Rock California La Quinta	No
Mild	Los Angeles Area	No
Mild	Palm Springs	No
Mild	San Diego	No
Mild	San Francisco Area	No
Mild	St Helena	No
Mild	Santa Monica Colorado Aspen	No
Mild	Denver Connecticut Greenwich	No
Mild	Stamford Area District of Columbia Washington Florida Amelia Island	No
Mild	Fort Meyers Area	No
Mild	Grayton Beach	No
Mild	Islamorada	No
Mild	Jacksonville	No
Mild	Miami Area	No
Mild	Naples	No
Mild	Orlando Area	No
Mild	Palm Beach	No
Mild	Pensacola	No
Mild	Santa Rosa	No
Mild	Tallahassee	No
Mild	Tampa Georgia Atlanta Area	No
Mild	Newnan	No
Mild	Savannah Hawaii Big Island Area	No
Mild	Honolulu	No
Mild	Maui Area	No
Mild	Kiawah Island Idaho Boise Area Illinois Bloomington	No
Mild	Chicago Area Kentucky Louisville Area Louisiana Lafayette Area	No
Mild	New Orleans Area Massachusetts Boston Area	No
Mild	Brewster	No
Mild	Cape Cod	No
Mild	Hattfield	No
Mild	Lenox	No
Mild	Marblehead	No
Mild	New Marlborough	No
Mild	Sandwhich Springfield Maryland Baltimore	No
Mild	St Michael 's Michigan Detroit Area	No
Mild	Mt	No
Mild	Traverse City Minnesota Minneapolis Area Mississippi Biloxi	No
Mild	Jackson	No
Mild	Natchez	No
Mild	Oxford	No
Mild	Waveland Missouri Kansas City Montana White Fish North Carolina Asheville	No
Mild	Charlotte	No
Mild	Cashiers	No
Mild	Durham	No
Mild	Highlands	No
Mild	Southern Pines	No
Mild	Wilmington New Jersey Atlantic City	No
Mild	Princeton Area	No
Mild	Cherry Hill New Mexico Santa Fe Area Nevada Las Vegas	No
Mild	Lake Tahoe New York New York City Area Astoria New Paltz Ohio Centerville	No
Mild	Cincinati Oklahoma Tulsa Oregon Portland	No
Mild	Pennsylvania Philadelphia Area Rhode Island Providence South Carolina Beaufort	No
Mild	Charleston	No
Mild	Greenville	No
Mild	Pawleys Island Tennessee Memphis	No
Mild	Nashville	No
Mild	Walland Texas Austin	No
Mild	Bryan	No
Mild	Dallas	No
Mild	Houston	No
Mild	San Antonio Virginia Washington DC Area	No
Mild	White Post	No
Mild	Williamsburg Vermont Montpelier	No
Mild	Shelburne Washington Seattle Waitburg Wisconsin Milwaukee Madison Wyoming Dubois Canada Lacombe Edmonton Close Carribean Jamaica Montego Bay Puerto Rico Aguadilla	No
Mild	Isabela	No
Mild	Anguilla	No
Mild	Antigua	No
Mild	St. Martin Bermuda	No
Mild	St. Barthelemy Necker Island	No
Mild	St. Croix	No
Mild	St. John	No
Mild	St. Thomas	No
Mild	Latin America Argentina Buenos Aires Brazil Rio De Janeiro	No
Mild	Sao Paulo Bolivia Santa Cruz Chile Santiago Mexico Cancun	No
Mild	M√©rida	No
Mild	Africa Austria Bad Ischl	No
Mild	Gottlesbrunn	No
Mild	Kotschach Mauthen	No
Mild	Salzburg	No
Mild	Sebersdorf	No
Mild	Styria	No
Mild	Vienna	No
Mild	Zell Am See Denmark Aabenraa	No
Mild	Copenhagen	No
Mild	Kollund	No
Mild	Tonder France Cannes	No
Mild	Dijon	No
Mild	Joigny	No
Mild	Juan-les-Pins	No
Mild	Lampaul-Guimiliau	No
Mild	Lyon	No
Mild	Mionnay	No
Mild	Mougins	No
Mild	Paris	No
Mild	Roanne	No
Mild	Saulieu	No
Mild	Tain-l ‚Äô Hermitage	No
Mild	Vonnas Germany Aschau-im-Chiemgau	No
Mild	Hungary Budapest Ireland County Mayo	No
Mild	Lugagnano	No
Mild	Florence	No
Mild	Genova	No
Mild	Giotto	No
Mild	Milan	No
Mild	Parma	No
Mild	Salerno	No
Mild	Val	No
Mild	Siena Verona Mauritius Belle Mare Monaco Monte Carlo Netherlands Amsterdam	No
Mild	Haarlem Russia St Petersburg Spain Barcelona	No
Mild	Montjoi	No
Mild	Palma	No
Mild	Sant Andreu de Llavaneras South Africa Cape Town	No
Mild	Sweden St	No
Mild	Anaheim	No
Mild	cloves garlic	No
Mild	teaspoon	No
Mild	epidemiology of mild	No
Mild	Kraus JF	No
Mild	Division of Epidemiology	No
Mild	School of Public Health	No
Mild	Univesity of California	No
Mild	hospital for brain trauma	No
Mild	incidence	No
Mild	external cause	No
Mild	prehospital factors	No
Mild	diagnoses	No
Mild	alcohol use	No
Mild	rate	No
Mild	females	No
Mild	alcohol	No
Mild	thirds	No
Mild	headache	No
Mild	rash	No
Mild	nausea	No
Mild	diarrhea	No
Mild	late onset of skin cancer	No
Napoletana	good	No
Napoletana	Amelia Street Toronto	No
Napoletana	few months	No
Napoletana	meal	No
Napoletana	waiter	No
Napoletana	way at a restaurant	No
Napoletana	Too pricey for every day	No
Napoletana	crespelle stuffed with prosciutto	No
Napoletana	crust with fresh ricotta	No
Napoletana	fior di latte	No
Napoletana	cherry tomatoes	No
Napoletana	arugula	No
Napoletana	grocery store pizza	No
Napoletana	pumpkin aroma	No
Napoletana	vanilla ice cream on top	No
Napoletana	foursquare	No
Napoletana	Open Table on Yelp	No
Napoletana	vegans in the party	No
Napoletana	cold side	No
Napoletana	party	No
Napoletana	disappointment	No
Napoletana	vegetarian options on this menu	No
Napoletana	Other than pizza	No
Napoletana	substitution	No
Napoletana	vegan-friendly options	No
Napoletana	Autumn Salad	No
Napoletana	highlight of the meal	No
Napoletana	home hungry	No
Napoletana	full plate	No
Napoletana	bank	No
Napoletana	request	No
Napoletana	okay	No
Napoletana	portion	No
Napoletana	bill	No
Napoletana	small	No
Napoletana	fine	No
Napoletana	tender	No
Napoletana	custom-designed pizza	No
Napoletana	buffalo mozzarella from Campana	No
Napoletana	Italy	No
Napoletana	bread	No
Napoletana	death	No
Napoletana	Cabbagetown	No
Napoletana	choice	No
Napoletana	tiny	No
Napoletana	authentic about this place	No
Napoletana	F'Amelia	No
Napoletana	food	No
Napoletana	place	No
Napoletana	fat	No
Napoletana	tasty	No
Napoletana	decent taste	No
Napoletana	potatoes	No
Napoletana	presentation	No
Napoletana	plate	No
Napoletana	pasta dish	No
Napoletana	home	No
Napoletana	flavourful	No
Napoletana	Sure	No
Napoletana	cry from the homemade tiramisus	No
Napoletana	veal	No
Napoletana	lamb	No
Napoletana	chicken	No
Napoletana	F'Amelia tonight	No
Napoletana	owners	No
Napoletana	Maurizio	No
Napoletana	executive chef	No
Napoletana	people	No
Napoletana	product	No
Napoletana	jealous of the focaccia	No
Napoletana	fresh	No
Napoletana	skin side	No
Napoletana	nice crispy skin on top	No
Napoletana	superb	No
Napoletana	richness	No
Napoletana	Next	No
Napoletana	shrimp	No
Napoletana	clams	No
Napoletana	Really	No
Napoletana	something	No
Napoletana	Executive chef Maurizio Verga	No
Napoletana	tasty risotto	No
Napoletana	Creamy perfect polenta	No
Napoletana	rosemary in the polenta	No
Napoletana	rich	No
Napoletana	strands	No
Napoletana	Bergamo	No
Napoletana	north of Milan	No
Napoletana	polenta	No
Napoletana	limoncello	No
Napoletana	greener	No
Napoletana	short list of terrific Italian restaurants	No
Napoletana	top-notch	No
Napoletana	appetizers	No
Napoletana	cocktails	No
Napoletana	many other fantastic Italian restaurants in Toronto	No
Napoletana	Amazing food	No
Napoletana	excellent service	No
Napoletana	fair	No
Napoletana	delicious	No
Napoletana	Italian restaurants	No
Napoletana	dishes	No
Napoletana	scallop appetizer	No
Napoletana	dinner	No
Napoletana	spot	No
Napoletana	friendly	No
Napoletana	clean with a cute decor	No
Napoletana	beer	No
Napoletana	flat on the palate	No
Napoletana	cabbage town	No
Napoletana	casual	No
Napoletana	others on yelp	No
Napoletana	amazing	No
Napoletana	wow	No
Napoletana	hmmm	No
Napoletana	Well	No
Napoletana	al dente	No
Napoletana	smallish clumps of mushrooms	No
Napoletana	overall	No
Napoletana	options for thin crust	No
Napoletana	wood	No
Napoletana	Service	No
Napoletana	nothing special	No
Napoletana	Yelper	No
Napoletana	summary	No
Napoletana	Sorry F'amelia	No
Napoletana	great hidden Jen suitable for families	No
Napoletana	OK	No
Napoletana	dry martini	No
Napoletana	minutes with a cocktail	No
Napoletana	Lovely space	No
Napoletana	Diavola pizza	No
Napoletana	Good place overall	No
Napoletana	next	No
Napoletana	Great patio	No
Napoletana	great italian food	No
Napoletana	gazpacho	No
Napoletana	Pizza	No
Napoletana	Tuesday	No
Napoletana	predicted	No
Napoletana	setting	No
Napoletana	cafe section	No
Napoletana	Tea	No
Napoletana	soooo delicious	No
Napoletana	large pizza	No
Napoletana	topping	No
Napoletana	top concern	No
Napoletana	salaries	No
Napoletana	reviews	No
Napoletana	office photos	No
Parmense	transfers	No
Parmense	Busseto	No
Parmense	Carmona	No
Parmense	Rocca of Soragna	No
Parmense	Donna Cenerina	No
Parmense	wife of marquis Diofebo Meli Lupi II	No
Parmense	rooms	No
Parmense	secluded areas of the Parco dei Cento Laghi	No
Parmense	easy	No
Parmense	Liberal	No
Parmense	active	No
Parmense	anti-fascism	No
Parmense	Catholic	No
Parmense	Socialist	No
Siciliana	drum spectacular such as Thomas Arne	No
Siciliana	Hercules	No
Siciliana	trumpet	No
Siciliana	salaries	No
Siciliana	reviews	No
Siciliana	office photos	No
Siciliana	vacation policy	No
Siciliana	insurance benefits	No
Siciliana	retirement benefits	No
Siciliana	Garibaldi mementos	No
Siciliana	Garibaldi soldier Scionti	No
Siciliana	outfits	No
Spiciness	California	No
Spiciness	Points USA	No
Spiciness	USA	No
Spiciness	% Merlot	No
Spiciness	% Cabernet Sauvignon	No
Spiciness	clove	No
Spiciness	cloves	No
Spiciness	Napa Valley	No
Spiciness	Latin cuisine	No
Spiciness	Asian	No
Spiciness	vanilla	No
Spiciness	forgot	No
Spiciness	water	No
Spiciness	tongue numb	No
Spiciness	beer 's attributes	No
Spiciness	smell	No
Spiciness	taste	No
Spiciness	Portland	No
Spiciness	Tuesday	No
Spiciness	July	No
Spiciness	Too many people	No
Spiciness	Napa Valley Melon	No
Spiciness	% Sauvignon Blanc	No
Spiciness	% Sauvignon Musque	No
Spiciness	% Semillon	No
Spiciness	apples	No
Spiciness	acidic	No
Spiciness	raspberry notes	No
Spiciness	bitter cranberries	No
Spiciness	mouth	No
Spiciness	lots of blackberry fruit	No
Spiciness	bitter	No
Spiciness	short finish	No
Spiciness	lots of harsh	No
Spiciness	cassis	No
Spiciness	Flavors of cassis	No
Spiciness	Light tannins	No
Spiciness	Stags Leap District My Wine of the Night	No
Spiciness	numb	No
Spiciness	hot	No
Spiciness	sour	No
Spiciness	taste_property	No
Spiciness	indelicacy	No
Spiciness	dark chocolate	No
Spiciness	gingerbread	No
Spiciness	apple pie	No
Spiciness	turmeric	No
Spiciness	fight against gnats	No
Spiciness	Spirited Whisky Tastings November	No
Spiciness	vertical	No
Spiciness	fascinating way	No
Spiciness	whisky horizons	No
Spiciness	couple of spirited	No
Spiciness	ahem	No
Spiciness	World	No
Spiciness	Mike Lord	No
Spiciness	primary whisky shop	No
Spiciness	ceiling all around the shop	No
Spiciness	shop	No
Spiciness	shirt	No
Spiciness	few extra zeroes	No
Spiciness	festival	No
Spiciness	experienced whisky drinkers	No
Spiciness	notes	No
Spiciness	Mike	No
Spiciness	Chanel N¬∞5	No
Spiciness	floor	No
Spiciness	Marsala ‚Äù ‚Äì	No
Spiciness	classic Bourbon-aged whisky	No
Spiciness	touch of smoke	No
Spiciness	smokiness	No
Spiciness	lemon peel	No
Spiciness	slices	No
Spiciness	Bourbon characteristics	No
Spiciness	maltiness	No
Spiciness	rich fruitiness	No
Spiciness	tangerines	No
Spiciness	daffodils	No
Spiciness	mango	No
Spiciness	winey	No
Spiciness	‚Äô s earthy	No
Spiciness	Glen Grant	No
Spiciness	clear on the nose	No
Spiciness	nose	No
Spiciness	Berrys ‚Äô Glenlivet	No
Spiciness	wood	No
Spiciness	wood ‚Äô	No
Spiciness	stand-up comedy on the side	No
Spiciness	cracking whiskies	No
Spiciness	Susan Colville	No
Spiciness	Glenglassaugh	No
Spiciness	isn ‚Äô t an unprecedented idea	No
Spiciness	names	No
Spiciness	quality	No
Spiciness	honey	No
Spiciness	waxiness	No
Spiciness	different Speyside malts	No
Spiciness	years old	No
Spiciness	ll spend hours	No
Spiciness	raisin ice cream	No
Spiciness	light	No
Spiciness	cardamom	No
Spiciness	nutmeg	No
Spiciness	tropical fruits like pineapple	No
Spiciness	background	No
Spiciness	age	No
Spiciness	lot	No
Spiciness	Al 's of Hampden / Pizza Boy Brewing Pennsylvania	No
Spiciness	Spicy yeast	No
Spiciness	citrus rinds	No
Spiciness	Saphir	No
Spiciness	chalice White foam finger	No
Spiciness	Clear	No
Spiciness	Aroma of spice	No
Spiciness	Spice	No
Spiciness	Smooth start	No
Spiciness	low sudsing	No
Spiciness	Good Belgian style	No
Spiciness	fresh	No
Spiciness	characters WunderLlama	No
Spiciness	doubt	No
Spiciness	Belgian character	No
Spiciness	characters RblWthACoz	No
Spiciness	Jul	No
Spiciness	white head	No
Spiciness	light film	No
Spiciness	Smells of bready wheat	No
Spiciness	banana	No
Spiciness	slow	No
Spiciness	dimensional	No
Spiciness	vaults	No
Spiciness	kale salad	No
Spiciness	Nice Cosy Authentic Pub Feel Amazing Food	No
Spiciness	Brock St S | Town of Whitby	No
Spiciness	Region of Durham	No
Spiciness	Whitby	No
Spiciness	Ontario L1N	No
Spiciness	Reservations Laura B Barrie	No
Spiciness	Reviewed May	No
Spiciness	late lunch at The Vault	No
Spiciness	friendly	No
Spiciness	courteous	No
Spiciness	something	No
Spiciness	indoors on a chilly	No
Spiciness	Ontario	No
Spiciness	name	No
Spiciness	lean	No
Spiciness	cheese on a toasted bun	No
Spiciness	jalapeno ketchup	No
Spiciness	spicy food	No
Spiciness	Leap Wine Cellars Tasting Zupan 's Burnside Market Wine Cellar	No
Spiciness	speak	No
Spiciness	plenty of leftover Beans ‚Äò N Greens Burrito	No
Spiciness	delicious	No
Spiciness	‚Äò N Greens Burrito dinner	No
Spiciness	satisfying fiber	No
Spiciness	Quips Wine tastings	No
Spiciness	Zupan 's Burnside Market Wine Cellar	No
Spiciness	Burnside Market grocery store in Portland	No
Spiciness	speaker	No
Spiciness	% Score	No
Spiciness	% Reviews	No
Spiciness	Ratings	No
Spiciness	Gots	No
Spiciness	Events Reviews	No
Spiciness	| Ratings	No
Spiciness	cloudy	No
Spiciness	golden straw/yellow color with a huge	No
Spiciness	Smells of wheat	No
Spiciness	other fruity aromas	No
Media	Restoration Sculpture	No
Media	Object	No
Media	Other Media rroati May	No
Media	Latest reply on May	No
Media	PM Hi	No
Media	new	No
Media	wrong place	No
Media	forgive	No
Media	server cd in the cd-rom drive	No
Media	Server	No
Media	error message	No
Media	error	No
Media	Prof. ƒΩuboslav Paƒæo	No
Media	Prof. Robert Makar	No
Media	Prof. Peter Augustoviƒç Katar√≠na Heƒçko Macurov√°	No
Media	Andrea P√©zman	No
Media	Prof. Tom√°≈° Klepoch Adela Re≈æn√° Gabriel Gyenes	No
Media	exact approach	No
Media	Specific assignments	No
Media	individual approach	No
Media	Other Media esxrocks May	No
Media	Other Media nick.couchman May	No
Media	Installation Theory	No
Media	.vmx file for this VM	No
Media	Facebook	No
Media	institute	No
Media	Field trips	No
Media	workshops	No
Media	student foreign interships	No
Media	educational exchanges	No
Media	priorities Policies	No
Media	Hi Nick	No
Media	bios of the vm	No
Media	help	No
Media	problem	No
Media	computer	No
Media	social media	No
Media	citizen engagement	No
Media	substance	No
Media	effective dissemination of information	No
Media	New Media Printmaking	No
Media	ArtD	No
Media	information	No
Media	Other Media echery May	No
Media	AM	No
Media	Magazine	No
Media	PingTool	No
Media	instrumentality	No
Media	instrumentation	No
Media	environment	No
Media	environs	No
Media	surroundings	No
Media	surround	No
Media	communication	No
Media	communicating	No
Media	food	No
Media	nutrient	No
Media	liquid	No
Media	state	No
Media	psychic	No
Media	transmission	No
Media	occupation	No
Media	business	No
Media	job	No
Media	line_of_work	No
Media	line	No
Media	list of authors	No
Media	such as the title	No
Media	abstract	No
Media	Radio	No
Media	Newspaper	No
Media	kiosks	No
Media	placards	No
Media	such media	No
Media	such format	No
Media	reasonable	No
Media	glass	No
Media	metal	No
Media	ceramics	No
Media	wood	No
Media	ethical maturation	No
Media	social	No
Media	drug taking	No
Media	glorify	No
Media	popular literature	No
Media	Washington Post	No
Media	Huffington Post	No
Media	June	No
Media	Commission	No
Media	message	No
Media	thanks	No
Media	Thanks for any help	No
Media	PM	No
Media	BIOS of the VM	No
Media	Show	No
Media	hl=cs	No
Media	democracy The use	No
Media	democracy Document type	No
Media	dem‚Ä¶ Language English Country	No
Media	Instagram	No
Media	films	No
Media	inspirational plays for the contemporary theatre	No
Media	complaints	No
Capricciosa	artichoke	No
Capricciosa	salaries	No
Capricciosa	reviews	No
Capricciosa	office photos	No
Capricciosa	vacation policy	No
Capricciosa	insurance benefits	No
Capricciosa	retirement benefits	No
Capricciosa	üëç	No
Capricciosa	slotman Reynaldo ‚Äú Badong ‚Äù Camacho	No
Cheesy Pizza	Capitol Hill	No
Cheesy Pizza	Ballard	No
Cheesy Pizza	West Seattle	No
Cheesy Pizza	Seattle Center	No
Cheesy Pizza	University District	No
Cheesy Pizza	Pioneer Square	No
Cheesy Pizza	Columbia City	No
Cheesy Pizza	free	No
Cheesy Pizza	Pickin ' Crew	No
Cheesy Pizza	Greenwood	No
Cheesy Pizza	True Loves	No
Cheesy Pizza	Emma Lee Toyoda	No
Cheesy Pizza	Shoreline	No
Cheesy Pizza	Newbrighton	No
Cheesy Pizza	Die Nasty	No
Cheesy Pizza	Heels	No
Cheesy Pizza	Green Lake	No
Cheesy Pizza	Fremont	No
Cheesy Pizza	Redmond	No
Cheesy Pizza	Central District	No
Cheesy Pizza	entertainment	No
Cheesy Pizza	North Seattle	No
Cheesy Pizza	Wallingford	No
Cheesy Pizza	Real Girls	No
Cheesy Pizza	Semaj	No
Cheesy Pizza	Simple Minded Symphony	No
Cheesy Pizza	Haiku	No
Cheesy Pizza	Niq Venus	No
Cheesy Pizza	Xurs	No
Cheesy Pizza	garlic sauce	No
Cheesy Pizza	margaritha	No
Cheesy Pizza	dance Donate ¬´ All Events This event	No
Cheesy Pizza	Stranger	No
Cheesy Pizza	individuals	No
Cheesy Pizza	Stranger readers	No
Cheesy Pizza	RSS file	No
Cheesy Pizza	Seattle news	No
Cheesy Pizza	politics	No
Cheesy Pizza	music	No
Cheesy Pizza	film	No
Cheesy Pizza	movie times	No
Cheesy Pizza	club calendars	No
Cheesy Pizza	restaurant listings	No
Cheesy Pizza	forums	No
Cheesy Pizza	blogs	No
Cheesy Pizza	Aug 17-19	No
Cheesy Pizza	short on cash	No
Cheesy Pizza	options for last-minute entertainment	No
Cheesy Pizza	Mercer X Summit Block Party	No
Cheesy Pizza	options	No
Cheesy Pizza	Android	No
Cheesy Pizza	movie-inspired cocktail	No
Cheesy Pizza	Downtown	No
Cheesy Pizza	Watch popular movies outdoors in downtown Seattle	No
Cheesy Pizza	tonight 's classic Peter Pan spinoff Hook	No
Cheesy Pizza	tunes from KEXP DJ Troy	No
Cheesy Pizza	collaborations from Aslan Brewing Company	No
Cheesy Pizza	Westland Distillery	No
Cheesy Pizza	4-6 pm	No
Cheesy Pizza	station with samples	No
Cheesy Pizza	pale	No
Cheesy Pizza	wheat malts	No
Cheesy Pizza	toast	No
Cheesy Pizza	KEXP 's DJ Morgan	No
Cheesy Pizza	BLOCK feat Rocket	No
Cheesy Pizza	Vaughn	No
Cheesy Pizza	Sphyramid	No
Cheesy Pizza	DJ Smoke	No
Cheesy Pizza	donation	No
Cheesy Pizza	Goldie Wilson	No
Cheesy Pizza	last record Kill the Ill	No
Cheesy Pizza	John Olufs	No
Cheesy Pizza	Jesse Harmonson	No
Cheesy Pizza	talents of Top Dog Entertainment	No
Cheesy Pizza	Kendrick Lamar	No
Cheesy Pizza	SZA	No
Cheesy Pizza	ScHoolboy Q	No
Cheesy Pizza	present	No
Cheesy Pizza	true KEXP summertime fashion	No
Cheesy Pizza	year at the Mural Amphitheater	No
Cheesy Pizza	year 's lineup	No
Cheesy Pizza	tonight 's Delvon Lamarr Organ Trio	No
Cheesy Pizza	Long Neck	No
Cheesy Pizza	Fern Mayo	No
Cheesy Pizza	sweet local indie-pop favorites Fern Mayo	No
Cheesy Pizza	Moon Is Flat	No
Cheesy Pizza	Bear Dance	No
Cheesy Pizza	Neutralboy	No
Cheesy Pizza	Stuntmen Bremerton-based chord punk band NEUTRALBOY	No
Cheesy Pizza	Stuntmen	No
Cheesy Pizza	Nordus	No
Cheesy Pizza	Lucid Furs	No
Cheesy Pizza	Pout House	No
Cheesy Pizza	Q-Point Launch Party DJs Supagi	No
Cheesy Pizza	Nostalgia B	No
Cheesy Pizza	DJ Rocryte	No
Cheesy Pizza	Host MC	No
Cheesy Pizza	throwback tunes for a good cause	No
Cheesy Pizza	others	No
Cheesy Pizza	Sinister Six	No
Cheesy Pizza	wild at this garage	No
Cheesy Pizza	punk	No
Cheesy Pizza	power pop show with the Sinister Six	No
Cheesy Pizza	light	No
Cheesy Pizza	sweet	No
Cheesy Pizza	glittery	No
Cheesy Pizza	dinner	No
Cheesy Pizza	techno artists	No
Cheesy Pizza	Jordan Goff	No
Cheesy Pizza	Dowsk	No
Cheesy Pizza	Jameson	No
Cheesy Pizza	Limbo	No
Cheesy Pizza	Mike Delvin	No
Cheesy Pizza	ish	No
Cheesy Pizza	DJ Budget	No
Cheesy Pizza	beat-loving pleasure	No
Cheesy Pizza	Van Conner	No
Cheesy Pizza	Skullbot	No
Cheesy Pizza	Indika Haze	No
Cheesy Pizza	Londyn Bradshaw	No
Cheesy Pizza	Mercury Divine	No
Cheesy Pizza	Porcelain Shadow	No
Cheesy Pizza	SHE	No
Cheesy Pizza	Irene Dubois	No
Cheesy Pizza	sense of a cataclysmic earthbound event	No
Cheesy Pizza	language	No
Cheesy Pizza	domestication of horses	No
Cheesy Pizza	collection	No
Cheesy Pizza	Gravida	No
Cheesy Pizza	Ravenna	No
Cheesy Pizza	book	No
Cheesy Pizza	Bothell	No
Cheesy Pizza	launch of the Clay Flotilla exhibit	No
Cheesy Pizza	demos	No
Cheesy Pizza	kids ' stations	No
Cheesy Pizza	scavenger hunt	No
Cheesy Pizza	Rainier Valley	No
Cheesy Pizza	shadow	No
Cheesy Pizza	labyrinth of cut paper	No
Cheesy Pizza	South Lake Union	No
Cheesy Pizza	expertise in this exhibition	No
Cheesy Pizza	Henry IV	No
Cheesy Pizza	Hamlet s	No
Cheesy Pizza	Macbeth s	No
Cheesy Pizza	Sir John Falstaff	No
Cheesy Pizza	story of family	No
Cheesy Pizza	transformation	No
Cheesy Pizza	loyalty	No
Cheesy Pizza	valor	No
Cheesy Pizza	Seattle audiences this summer	No
Cheesy Pizza	means	No
Cheesy Pizza	essential Henry plays	No
Cheesy Pizza	Hotspur	No
Cheesy Pizza	Gentlemen of Verona Backyard Bard	No
Cheesy Pizza	Park	No
Cheesy Pizza	Bard 's career	No
Cheesy Pizza	cross-dressing	No
Cheesy Pizza	love triangle	No
Cheesy Pizza	Atlantic	No
Cheesy Pizza	complete with sinkhole	No
Cheesy Pizza	Liberty Bell	No
Cheesy Pizza	Jefferson Memorial	No
Cheesy Pizza	Statue of Liberty	No
Cheesy Pizza	Bellevue	No
Cheesy Pizza	Chief Seattle Days Established	No
Cheesy Pizza	graveside ceremony	No
Cheesy Pizza	co-ed softball tournament	No
Cheesy Pizza	parade through downtown Suquamish	No
Cheesy Pizza	horseshoe tournament	No
Cheesy Pizza	pow wow	No
Cheesy Pizza	Suquamish	No
Cheesy Pizza	Return for the second annual Pacific Northwest Chalk Fest	No
Cheesy Pizza	Madonnari	No
Cheesy Pizza	Seattle Hempfest The ever-growing stoner-friendly waterfront festival	No
Cheesy Pizza	premier flagship event of the global cannabis culture	No
Cheesy Pizza	pot enthusiasts	No
Cheesy Pizza	years	No
Cheesy Pizza	speeches from local industry leaders	No
Cheesy Pizza	congresspeople	No
Cheesy Pizza	food	No
Cheesy Pizza	crafts	No
Cheesy Pizza	pot paraphernalia	No
Cheesy Pizza	Snoqualmie Railroad Days Initiated by firefighters	No
Cheesy Pizza	trains	No
Cheesy Pizza	timber	No
Cheesy Pizza	Snoqualmie	No
Cheesy Pizza	Emerging Artist Showcase For the fourth year	No
Cheesy Pizza	Amber Tanaka	No
Cheesy Pizza	Alexei Cifrese	No
Cheesy Pizza	Cassandra Leon	No
Cheesy Pizza	Jasmine Lomax	No
Cheesy Pizza	Jennifer Kim	No
Cheesy Pizza	Laurie Lynch	No
Cheesy Pizza	Adrian Kljucec	No
Cheesy Pizza	sorts of games	No
Cheesy Pizza	Cedar River Salmon Journey Witness the Cedar River salmon migration	No
Cheesy Pizza	annual journey wherein salmon swim from the ocean	No
Cheesy Pizza	Ballard Locks	No
Cheesy Pizza	Lake Washington	No
Cheesy Pizza	local skincare	No
Cheesy Pizza	eyewear	No
Cheesy Pizza	clothing	No
Cheesy Pizza	house wares	No
Cheesy Pizza	art	No
Cheesy Pizza	craft beverage	No
Cheesy Pizza	initiative	No
Cheesy Pizza	other countries	No
Cheesy Pizza	hands-on activities	No
Cheesy Pizza	KEXP DJ sets	No
Cheesy Pizza	parades	No
Cheesy Pizza	ivy	No
Cheesy Pizza	blackberry bramble	No
Cheesy Pizza	Jackson Park Trail	No
Cheesy Pizza	palm readings	No
Cheesy Pizza	mediums	No
Cheesy Pizza	Reiki	No
Cheesy Pizza	spiritual counselors	No
Cheesy Pizza	essential oils	No
Cheesy Pizza	Madrona	No
Cheesy Pizza	sun	No
Cheesy Pizza	paddle boarding	No
Cheesy Pizza	Celebrate Shoreline Every year	No
Cheesy Pizza	Enjoy live music	No
Cheesy Pizza	competition	No
Cheesy Pizza	car show	No
Cheesy Pizza	book giveaway	No
Cheesy Pizza	horse rides	No
Cheesy Pizza	bouncy house	No
Cheesy Pizza	vendor booths	No
Cheesy Pizza	Deems Tsutukawa	No
Cheesy Pizza	Skyway	No
Cheesy Pizza	live cooking demos	No
Cheesy Pizza	farmers market	No
Cheesy Pizza	environment	No
Cheesy Pizza	local makers	No
Cheesy Pizza	music from Matisyahu	No
Cheesy Pizza	Caspar Babypants	No
Cheesy Pizza	Recess Monkey	No
Cheesy Pizza	Unkitawa	No
Cheesy Pizza	James Beard Award‚Äìwinning chef	No
Cheesy Pizza	greenery‚Äîalongside beer	No
Cheesy Pizza	wine	No
Cheesy Pizza	Viva Farms	No
Cheesy Pizza	interactive booths	No
Cheesy Pizza	boat tours	No
Cheesy Pizza	live music	No
Cheesy Pizza	South Park	No
Cheesy Pizza	trafficked parts of Capitol Hill	No
Cheesy Pizza	Mercer	No
Cheesy Pizza	beloved local businesses Indian Summer	No
Cheesy Pizza	Summit Pub	No
Cheesy Pizza	Itto	No
Cheesy Pizza	Sun Liquor	No
Cheesy Pizza	Single Shot	No
Cheesy Pizza	s headliners	No
Cheesy Pizza	Porter Ray	No
Cheesy Pizza	Hibou	No
Cheesy Pizza	rock	No
Cheesy Pizza	hiphop	No
Cheesy Pizza	Seattle Hot Sauce Fest	No
Cheesy Pizza	Beyonc√©	No
Cheesy Pizza	bag at all times	No
Cheesy Pizza	local purveyors like Secret Aardvark	No
Cheesy Pizza	FireFlower Sauce	No
Cheesy Pizza	Diamond Knot Brewing	No
Cheesy Pizza	Bloody Marys	No
Cheesy Pizza	Matt	No
Cheesy Pizza	Circuses	No
Cheesy Pizza	UHeights Summer Music Festival Every Saturday afternoon	No
Cheesy Pizza	genre	No
Cheesy Pizza	world dance troupes	No
Cheesy Pizza	public	No
Cheesy Pizza	HopeLink	No
Cheesy Pizza	soda	No
Cheesy Pizza	Kirkland	No
Cheesy Pizza	CID Summer Cinema Watch free movies courtesy of the Seattle Asian American Film Festival	No
Cheesy Pizza	Chinatown-International District	No
Cheesy Pizza	living relative of the film ‚Äô s young protagonist	No
Cheesy Pizza	Miguel	No
Cheesy Pizza	family	No
Cheesy Pizza	guitar	No
Cheesy Pizza	big no-no	No
Cheesy Pizza	mortality	No
Cheesy Pizza	ancestry	No
Cheesy Pizza	adult with a soul	No
Cheesy Pizza	contemporary flicks	No
Cheesy Pizza	First Hill	No
Cheesy Pizza	Mercer Island	No
Cheesy Pizza	enjoyable movies‚Äîthis week	No
Cheesy Pizza	Your Negro	No
Cheesy Pizza	answers	No
Cheesy Pizza	movie series	No
Cheesy Pizza	rabbit hole for themed tea	No
Cheesy Pizza	treats	No
Cheesy Pizza	Autolite Strike	No
Cheesy Pizza	Teen Cat	No
Cheesy Pizza	Joey Pissdrunk	No
Cheesy Pizza	Tukwila	No
Cheesy Pizza	arts activities	No
Cheesy Pizza	live performances	No
Cheesy Pizza	Carolina Story	No
Cheesy Pizza	David Johnson	No
Cheesy Pizza	Hank Williams	No
Cheesy Pizza	Mirrorgloss	No
Cheesy Pizza	Falon Sierra	No
Cheesy Pizza	Toya B	No
Cheesy Pizza	Des Third Daughter	No
Cheesy Pizza	LP	No
Cheesy Pizza	slurred wordsmithing over cosmic beats	No
Cheesy Pizza	soulful Tacoma duo MirrorGloss	No
Cheesy Pizza	B singer-songwriter Falon Sierra	No
Cheesy Pizza	party-ready DJ Toya B	No
Cheesy Pizza	musical storytelling	No
Cheesy Pizza	Everson	No
Cheesy Pizza	roll from Everson Pines	No
Cheesy Pizza	night of smooth	No
Cheesy Pizza	local talents	No
Cheesy Pizza	Blueyedsoul	No
Cheesy Pizza	Sacred Ensemble	No
Cheesy Pizza	Hound Dog Taylor 's Hand	No
Cheesy Pizza	Sheen Seattle ‚Äô s Hound Dog Taylor ‚Äô s Hand‚Äîguitarist Jeffery Taylor	No
Cheesy Pizza	drummer Mark Ostrowski	No
Cheesy Pizza	bassist John Seman	No
Cheesy Pizza	new addition	No
Cheesy Pizza	free-jazz rock	No
Cheesy Pizza	1970s-era ECM releases	No
Cheesy Pizza	James Blood Ulmer	No
Cheesy Pizza	heavy	No
Cheesy Pizza	Ghostblood	No
Cheesy Pizza	Expain	No
Cheesy Pizza	Grave	No
Cheesy Pizza	decapitation-happy full-length debut from hometown heavy metallers	No
Cheesy Pizza	gore greats	No
Cheesy Pizza	Carcass	No
Cheesy Pizza	line from fellow horror-obsessed	No
Cheesy Pizza	Eastlake	No
Cheesy Pizza	Famous	No
Cheesy Pizza	hiphop dance party with DJs Famous	No
Cheesy Pizza	Mister Blank	No
Cheesy Pizza	local bands Mister Blank	No
Cheesy Pizza	Sam Shoemaker	No
Cheesy Pizza	Timmy Owens Join Sam Shoemaker	No
Cheesy Pizza	Sleepover Club	No
Cheesy Pizza	Bad Optics	No
Cheesy Pizza	post-punk from Bad Optics	No
Cheesy Pizza	park	No
Cheesy Pizza	Zumba on Saturdays	No
Cheesy Pizza	tours	No
Cheesy Pizza	shows	No
Cheesy Pizza	workshops	No
Cheesy Pizza	food trucks	No
Cheesy Pizza	Pampa for the last week	No
Cheesy Pizza	Riffbrokers	No
Cheesy Pizza	Christy Mc Wilson	No
Cheesy Pizza	Pineola	No
Cheesy Pizza	Fentons	No
Cheesy Pizza	album Sweetheart of the Rodeo	No
Cheesy Pizza	local celebrities	No
Cheesy Pizza	Vicious Petals	No
Cheesy Pizza	Super Sparkle	No
Cheesy Pizza	soul	No
Cheesy Pizza	folk	No
Cheesy Pizza	carnival themes	No
Cheesy Pizza	work	No
Cheesy Pizza	band	No
Cheesy Pizza	Darian Asplund on saxophone	No
Cheesy Pizza	Matt Williams on piano	No
Cheesy Pizza	Shahan K. on bass	No
Cheesy Pizza	drag	No
Cheesy Pizza	burlesque	No
Cheesy Pizza	musical performances	No
Cheesy Pizza	Backyard Bard	No
Cheesy Pizza	Tale	No
Cheesy Pizza	glorious treat	No
Cheesy Pizza	weekend	No
Cheesy Pizza	fruit	No
Pizza	mushrooms	No
Pizza	cheese	No
Pizza	pizza	No
Pizza	olives	No
Pizza	ham	No
Pizza	toppings	No
Pizza	thin	No
Pizza	carry-out	No
Pizza	pizza at the Village	No
Pizza	BBQ Pulled Pork pizza	No
Pizza	tomato	No
Pizza	arugula	No
Pizza	pepper	No
Pizza	drawn in a vintage graphic style	No
Pizza	delivery	No
Pizza	onions	No
Pizza	peppers	No
Pizza	tomato sauce	No
Pizza	large	No
Pizza	Pieology	No
Pizza	MOD	No
Pizza	world	No
Pizza	highway rest stops	No
Pizza	Vegetarian	No
Pizza	dough by the pound	No
Pizza	own	No
Pizza	hungry mind wanders	No
Pizza	startup funding data	No
Pizza	E Ranches Pkwy	No
Pizza	Eagle Mountain	No
Pizza	Reviews Restaurant details Corey J Eagle Mountain	No
Pizza	Reviewed April	No
Pizza	Ummm Pizza	No
Pizza	dish	No
Pizza	seafood vector image License Learn More Standard For Print	No
Pizza	Advertising	No
Pizza	Design Expanded For Resale	No
Pizza	tummy while Sam	No
Pizza	wife	No
Pizza	other hearty meals such as meatball pies	No
Pizza	Main Menu Member Content Your News Food Institute Report Today in Food Food Price Outlook Merger Search Economic Benchmarking Latest Sales Data Market Info Center U.S	No
Pizza	data	No
Pizza	percent	No
Pizza	century	No
Pizza	Canadian informal	No
Pizza	own pizza traditions with toppings	No
Pizza	shapes	No
Pizza	thin crust	No
Pizza	large slices of tomato	No
Pizza	American styles	No
Pizza	South of Italy	No
Pizza	19th century	No
Pizza	local variety	No
Pizza	pizza styles	No
Pizza	different ingredients	No
Pizza	Italian predecessors	No
Pizza	sausage	No
Pizza	pepperoni	No
Pizza	meatballs	No
Pizza	salami	No
Pizza	ricotta cheese	No
Pizza	broccoli	No
Pizza	garlic	No
Pizza	ricotta	No
Pizza	mozzarella	No
Pizza	Parmesan	No
Pizza	White pizzas	No
Pizza	traditional	No
Pizza	tomatoes as a topping	No
Pizza	fresh basil as a possible topping	No
Pizza	% of American pizza shops	No
Pizza	pine nuts	No
Pizza	fresh herbs	No
Pizza	calzone Pizzeria food [ edit ] In addition	No
Pizza	heroes	No
Pizza	grinders	No
Pizza	Italian sandwiches	No
Pizza	region	No
Pizza	big sandwiches	No
Pizza	above toppings	No
Pizza	chicken parmigiana	No
Pizza	sauces such as marinara	No
Pizza	garlic butter	No
Pizza	garlic knots	No
Pizza	knot	No
Pizza	salt	No
Pizza	dessert	No
Pizza	zeppoles	No
Pizza	balls of deep-fried dough	No
Pizza	authenticity	No
Pizza	other Italian cuisine	No
Pizza	hot wings	No
Pizza	salads	No
Pizza	tables	No
Pizza	garlic powder	No
Pizza	hot pepper flakes	No
Pizza	oregano	No
Pizza	Parmesan cheese	No
Pizza	pickup orders	No
Pizza	tip for table service	No
Pizza	rough weather	No
Pizza	torrential downpour	No
Pizza	thick Chicago-style pizza	No
Pizza	common	No
Pizza	Totonno 's in Coney Island	No
Pizza	DiFara 's in Midwood	No
Pizza	other thin-crust styles	No
Pizza	excellent	No
Pizza	local	No
Pizza	wedge of plain cheese pizza	No
Pizza	pronounced ah-beetz	No
Pizza	New York thin-crust pizza	No
Pizza	topping	No
Pizza	deep dish	No
Pizza	thicker	No
Pizza	pan-fried dough	No
Pizza	straight-sided pan	No
Pizza	similar	No
Pizza	square pan	No
Pizza	thick deep-dish crisp crust	No
Pizza	bottom	No
Pizza	other toppings	No
Pizza	cracker-like crust without yeast	No
Pizza	Midwest	No
Pizza	nutty	No
Pizza	malty flavor	No
Pizza	average	No
Pizza	use of many non-traditional ingredients	No
Pizza	artichoke hearts	No
Pizza	avocado	No
Pizza	goat cheese	No
Pizza	worldwide	No
Pizza	many Germans	No
Pizza	German TV in the 1950s	No
Pizza	Internet	No
Pizza	several styles of pizza restaurant	No
Pizza	pizza by the slice	No
Pizza	buffet of unusual pies	No
Pizza	style	No
Pizza	Major chains such as Domino	No
Pizza	Little Caesars	No
Pizza	Papa John	No
Pizza	seating	No
Pizza	costs	No
Pizza	dangerous neighborhoods	No
Pizza	activity areas	No
Pizza	i.e	No
Pizza	Phoenix location	No
Pizza	local tastes	No
Pizza	Nonetheless	No
Pizza	Blaze Pizza ‚Äì Founded in the Los Angeles area	No
Pizza	Chipotle model	No
Pizza	own crust	No
Pizza	sauces	No
Pizza	culinary creativity	No
Pizza	food	No
Pizza	example	No
Pizza	pre-shredded basil	No
Pizza	wider range of toppings	No
Pizza	Great Lakes	No
Pizza	Edmonton	No
Pizza	A California Pizza Kitchen Pie with goat cheese	No
Pizza	eggplant	No
Pizza	sit-down	No
Pizza	Pizza Hut	No
Pizza	Godfather 's Express outlets	No
Pizza	Speedway gas stations	No
Pizza	thing	No
Pizza	New York-style thin crust	No
Pizza	other pizzeria standards like garlic bread	No
Pizza	Jet 's Boats	No
Pizza	Toledo	No
Pizza	Ohio	No
Pizza	MOD Pizza	No
Pizza	Seattle	No
Pizza	dawn of the 21st century	No
Pizza	Mid-Atlantic coast	No
Pizza	Chicago	No
Pizza	Detroit	No
Pizza	Phoenix areas	No
Pizza	Texas	No
Pizza	comparison with the competition	No
Pizza	fresh	No
Pizza	instance	No
Pizza	fresh in-house daily	No
Pizza	own pizza at MOD	No
Pizza	realm of pizza	No
Pizza	similar Chipotle -style service model	No
Pizza	advertising	No
Pizza	Vancouver	No
Pizza	Washington	No
Pizza	Bakes	No
Pizza	olive-oil drizzle	No
Pizza	pizza well-done	No
Pizza	minutes	No
Pizza	same geographic area as Blaze	No
Pizza	Pan Pizza	No
Pizza	several different types of pizza	No
Pizza	sit-down restaurant	No
Pizza	bright-orange takeaway counters with a limited	No
Pizza	-1111	No
Pizza	ad infinitum on Toronto radio	No
Pizza	Pizza Pizza	No
Pizza	essential restaurant	No
Pizza	devoid of atmosphere	No
Pizza	charm	No
Pizza	gustatory relevance	No
Pizza	shopping malls	No
Pizza	Blaze	No
Pizza	bad	No
Pizza	hit-and-miss	No
Pizza	thicker-crust	No
Pizza	slices	No
Pizza	stromboli	No
Pizza	yes	No
Pizza	New York City	No
Pizza	dish pizza	No
Pizza	Villa Italian Kitchen ‚Äì With a history	No
Pizza	Ed Sullivan Theater	No
Pizza	non-freestanding locations across the U.S.‚Äîshopping mall food courts	No
Pizza	university dining halls	No
Pizza	Jacuzzi Near Landmarks Hotels near Old Bazaar	No
Pizza	| Kapistec	No
Pizza	Skopje	No
Pizza	Italian Restaurant details Ivo G Skopje	No
Pizza	Karpos	No
Pizza	Reviewed August	No
Pizza	hidden gem	No
Pizza	s quiet	No
Pizza	Reviewed June	No
Pizza	thick pizza	No
Pizza	enough	No
Pizza	Eagle Mountain Eagle Mountain Restaurants Village Pizza Enter a destination Search ‚Äú Ummm Pizza	No
Pizza	üçï üòç This Valentines Day	No
Pizza	BigSlices Feb	No
Pizza	¬∑ Public ¬∑ in Timeline Photos View Full Size	No
Cheese Topping	minutes	No
Cheese Topping	Friendly	No
Cheese Topping	mushroom dishes	No
Cheese Topping	bitter	No
Cheese Topping	tough	No
Cheese Topping	hour	No
Cheese Topping	beef	No
Cheese Topping	example	No
Cheese Topping	cheese	No
Cheese Topping	cooked sausage	No
Cheese Topping	room	No
Cheese Topping	adults	No
Cheese Topping	prices TaoWeiDavid Taipei	No
Cheese Topping	Review of The Butterfly Valley Resort Reviewed July	No
Cheese Topping	bamboo shoots	No
Cheese Topping	Cincinnati	No
Cheese Topping	March	No
Cheese Topping	saucepan over medium heat	No
Cheese Topping	sugar	No
Cheese Topping	necessary	No
Cheese Topping	time	No
Cheese Topping	Pizzas	No
Cheese Topping	Burgers	No
Cheese Topping	other parmigiana dishes	No
Cheese Topping	ziti	No
Cheese Topping	lasagna	No
Cheese Topping	eggplant	No
Cheese Topping	fine	No
Cheese Topping	buns	No
Cheese Topping	yes	No
Cheese Topping	exact same anemic	No
Cheese Topping	white	No
Cheese Topping	page with a Free Trial March	No
Cheese Topping	Sunday	No
Cheese Topping	C6 Sunday	No
Cheese Topping	Add salt	No
Cheese Topping	soda	No
Cheese Topping	Add	No
Cheese Topping	basil	No
Cheese Topping	marjoram	No
Cheese Topping	thyme	No
Cheese Topping	Mix spices	No
Cheese Topping	Rosemary	No
Cheese Topping	own rosemary oil	No
Cheese Topping	roasted garlic oil	No
Cheese Topping	Place garlic	No
Cheese Topping	side	No
Cheese Topping	vegetable	No
Cheese Topping	tablespoon Tabasco sauce	No
Cheese Topping	butter	No
Cheese Topping	Tabasco	No
Cheese Topping	teaspoon ground cumin In large paper bag	No
Cheese Topping	corn with curry powder	No
Cheese Topping	experiment	No
Cheese Topping	cheddar-flavored topping	No
Cheese Topping	unavailable	No
Cheese Topping	sprinkle with chopped cherries	No
Cheese Topping	Salt	No
Cheese Topping	cayenne	No
Cheese Topping	vinaigrettes	No
Cheese Topping	dry form	No
Cheese Topping	ginger	No
Cheese Topping	cayenne pepper	No
Cheese Topping	garlic powder	No
Cheese Topping	asparagus	No
Cheese Topping	couple of different types	No
Food	example	No
Food	i.e	No
Food	e.g	No
Food	food	No
Food	Level Contributor	No
Food	Manor	No
Food	Chapter	No
Food	Sciences	No
Food	Oria MP	No
Food	Kumanyika S	No
Food	al	No
Food	Neuhouser ML	No
Food	sex	No
Food	Huang Y	No
Food	Mossavar-Rahmani Y	No
Food	Beresford SA	No
Food	research	No
Food	Report inappropriate content BlandineForberg Karlsruhe	No
Food	Germany Destination Expert for Baden-Wurttemberg	No
Food	Baden-Wurttemberg Level Contributor	No
Food	Switzerland Forum Europe Switzerland Switzerland Travel Forum Search Browse	No
Food	Switzerland	No
Food	BMI	No
Food	available	No
Food	addition	No
Food	Furthermore	No
Food	Tinker LF	No
Food	Van Horn L	No
Food	Save Hello	No
Food	Coop	No
Food	Coops	No
Food	Lucerne Day Tour from Zurich	No
Food	Milan	No
Food	JT14 London Destination Expert for Verbier Level Contributor	No
Food	Yeah	No
Food	risk of bias	No
Food	goods	No
Food	posts	No
Food	local bakery	No
Food	pm	No
Food	June	No
Food	Report inappropriate content JT14 London Destination Expert for Verbier Level Contributor	No
Food	NOFSs	No
Food	dog	No
Food	choice..	No
Food	city	No
Food	cheese	No
Food	Medicine	No
Food	NCI	No
Food	such as age	No
Food	Prentice et al	No
Food	Zheng et al	No
Food	age	No
Food	urine	No
Food	Lampe	No
Food	DRIs	No
Food	Moore SC	No
Food	Sampson JN	No
Food	Di C	No
Food	Thomson CA	No
Food	Tinker L	No
Food	Schoeller D	No
Food	Caan B	No
Food	Thomson C	No
Food	Heiss G	No
Food	Sarto G	No
Food	Ockene J	No
Food	Washington	No
Food	Reedy J	No
Food	Subar AF	No
Food	Eaton CB	No
Food	Prentice RL	No
Food	hours in the rucksack	No
Food	rolls	No
Food	triangle of cheese	No
Food	cold cuts	No
Food	pocket knife	No
Food	ones	No
Food	population	No
Food	]	No
Food	U.S	No
Food	points	No
Food	careful attention	No
Food	Yetley	No
Food	NOFS intakes as a challenge	No
Food	crucial topic	No
Food	step	No
Food	restrictive	No
Food	NOFS intake	No
Food	literature	No
Food	spoon	No
Food	fat	No
Food	crop husbandry	No
Food	veterinary medicine	No
Food	Get YouTube without the ads Working	No
Food	Canada	No
Food	'real ' bakery shop	No
Food	sandwich	No
Food	editors	No
Food	Thompson	No
Food	Briefly	No
Food	multiple day dietary records	No
Food	multiple day 24-hour dietary recalls	No
Food	semi-quantitative food frequency questionnaires	No
Food	TABLE 4-1 Examples of Uses	No
Food	Strengths	No
Food	certain NOFSs	No
Food	collection of self-reported dietary data	No
Food	long-term intake	No
Food	complexity of many foods	No
Food	specific foods	No
Food	other food substances	No
Food	macronutrients	No
Food	random error	No
Food	such as day-to-day variability	No
Food	NRC	No
Food	represent long-term dietary habits	No
Food	intervention study	No
Food	dependent upon participant characteristics	No
Food	Neuhouser et al	No
Food	confounding in nutrition studies	No
Food	organism	No
Food	such as human blood	No
Food	feces	No
Food	saliva	No
Food	hair	No
Food	skin	No
Food	nail	No
Food	adipose tissue	No
Food	context of nutrition	No
Food	purpose	No
Food	certain vitamins	No
Food	minerals	No
Food	carotenoids	No
Food	aflatoxin	No
Food	PAHs ]	No
Food	nitrosamines	No
Food	acrylamide	No
Food	nutrients	No
Food	bias as self-report	No
Food	systematic bias	No
Food	reason	No
Food	suitable	No
Food	study population	No
Food	nutrition-related biomarkers	No
Food	useful for other purposes	No
Food	intake	No
Food	Limitations	No
Food	labeled water	No
Food	urine collections	No
Food	suitable biomarker	No
Food	Turban	No
Food	participants	No
Food	blood	No
Food	other tissues	No
Food	specific fatty acids	No
Food	fatty acids	No
Food	total trans fatty acids	No
Food	same population	No
Food	serum biomarkers of certain carotenoids	No
Food	folate	No
Food	vitamin B12	No
Food	concentration-type biomarkers	No
Food	serum folate	No
Food	serum carotenoids	No
Food	plasma phospholipid fatty acids	No
Food	short term	No
Food	months	No
Food	same quantitative manner as recovery biomarkers	No
Food	other transformations	No
Food	numerous participant characteristics	No
Food	race/ethnicity	No
Food	effects of other exposures	No
Food	such as smoking	No
Food	adiposity	No
Food	medications	No
Food	many concentration biomarkers	No
Food	state of beta oxidation	No
Food	participation in various intracellular metabolic	No
Food	suitable for intake assessment	No
Food	measurement	No
Food	dietary intake with minimal uncertainties	No
Food	potential sources of measurement error	No
Food	such errors	No
Food	true exposure	No
Food	significant impediment for DRI committees	No
Food	systematic error	No
Food	error	No
Food	objective measures of diet	No
Food	classical measurement model	No
Food	dietary self-report	No
Food	absorption	No
Food	metabolism	No
Food	utilization	No
Food	self-report method with a validated nutritional biomarker	No
Food	prospective study cohort in a nested case-control study	No
Food	controls before the chronic disease	No
Food	biomarker of intake	No
Food	log-transformed usual intake over a specified time period	No
Food	targeted intake	No
Food	disease risk factors	No
Food	other dietary intakes	No
Food	biomarker values	No
Food	specific feeding study context	No
Food	such a context	No
Food	time	No
Food	periodic biomarker measurements over time	No
Food	time period	No
Food	such as the several years	No
Food	biomarker	No
Food	rescaling of the biological measures	No
Food	chronic disease association analysis	No
Food	dietary self-report data	No
Food	members of a study cohort	No
Food	Neuhouser	No
Food	interest	No
Food	random error in the biomarker	No
Food	correlations	No
Food	short time period	No
Food	term intake	No
Food	years	No
Food	reliable nutritional epidemiology association studies	No
Food	major limitation of the regression calibration approach	No
Food	regard	No
Food	influence of metabolic pathways	No
Food	Guertin	No
Food	Playdon et al	No
Food	promise	No
Food	other cases	No
Food	formal systematic review	No
Food	synthesis of the evidence	No
Food	intervention	No
Food	comparator	No
Food	such a systematic review	No
Food	additional evidence	No
Food	challenging task	No
Food	NOFS	No
Food	chronic disease prevention	No
Food	context	No
Food	important advantages	No
Food	near term	No
Food	internal validity of individual studies	No
Food	long term	No
Food	dietary intake	No
Food	own merit	No
Food	dietary intake methods	No
Food	risk of bias assessment	No
Food	way	No
Food	apparent effect modifier	No
Food	specific measure of dietary intake	No
Food	standardized	No
Food	validation of dietary assessment methods	No
Food	accurate dietary intake methods	No
Food	Second	No
Food	Table	No
Food	study	No
Food	conclusion	No
Food	Therefore	No
Food	REFERENCES Beaton GH	No
Food	Milner J	No
Food	Corey P	No
Food	McGuire V	No
Food	Cousins M	No
Food	Stewart E	No
Food	Ramos M	No
Food	Hewitt D	No
Food	Grambsch PV	No
Food	Kassim N	No
Food	] Guertin KA	No
Food	Huang WY	No
Food	Xiao Q	No
Food	Stolzenberg-Solomon RZ	No
Food	Sinha R	No
Food	] Lampe JW	No
Food	Song X	No
Food	Schoeller DA	No
Food	Kim S	No
Food	Raftery D	No
Food	Zheng C	No
Food	Schwarz Y	No
Food	] Moshfegh AJ	No
Food	Rhodes DG	No
Food	Baer DJ	No
Food	Murayi T	No
Food	Clemens JC	No
Food	Rumpler WV	No
Food	Paul DR	No
Food	Sebastian RS	No
Food	Kuczynski KJ	No
Food	Ingwersen LA	No
Food	Staples RC	No
Food	[ May	No
Food	Shaw PA	No
Food	Bingham SA	No
Food	Horn LV	No
Food	Satterfield S	No
Food	Kuller L	No
Food	Smit E	No
Food	Stefanick ML	No
Food	Runswick S	No
Food	Playdon MC	No
Food	Derkach	No
Food	Albanes D	No
Food	Gu F	No
Food	Kontto J	No
Food	Lassale C	No
Food	Liao LM	No
Food	Mannisto S	No
Food	Mondul	No
Food	Weinstein SJ	No
Food	Irwin ML	No
Food	Mayne ST	No
Food	] Prentice RL	No
Food	Bingham S	No
Food	Johnson KC	No
Food	comparison of food records	No
Food	recalls	No
Food	] Song X	No
Food	Vitolins MZ	No
Food	Thompson FE	No
Food	Kirkpatrick SI	No
Food	Schap TE	No
Food	Wilson MM	No
Food	] Tinker LF	No
Food	Sarto GE	No
Food	Howard BV	No
Food	Beasley JM	No
Food	Margolis KL	No
Food	Phillips LS	No
Food	] Turban S	No
Food	Miller ER	No
Food	Ange B	No
Food	] Willett WC	No
Food	Sampson L	No
Food	Stampfer MJ	No
Food	Rosner B	No
Food	Bain C	No
Food	Witschi J	No
Food	Hennekens CH	No
Food	] Yetley EA	No
Food	MacFarlane AJ	No
Food	LS	No
Food	Garza C	No
Food	Ard JD	No
Food	Atkinson SA	No
Food	Bier DM	No
Food	Carriquiry AL	No
Food	Harlan WR	No
Food	Hattis D	No
Food	JC	No
Food	Krewski D	No
Food	O'Connor DL	No
Food	Rodricks	No
Food	] Zheng C	No
Food	Manson JE	No
Food	Seguin R	No
Food	Manini T	No
Food	LaCroix AZ	No
Food	cardiovascular disease	No
Food	cancer	No
Food	] Footnotes	No
Food	chronic disease	No
Food	nutrition	No
Food	easy results	No
Food	translations Spanish Translator Quick	No
Food	contains	No
Food	animal husbandry	No
Food	lentils	No
Food	fruits	No
Food	part	No
Food	white	No
Food	nuts	No
Food	foods	No
Food	sheep	No
Food	duck	No
Food	frog	No
Food	rabbit	No
Food	wheat	No
Food	rice	No
Food	sweets	No
Food	sweetmeats	No
Food	sweet foods	No
Food	Take-out From Wikipedia	No
Food	song	No
Food	verb	No
Food	other uses	No
Food	Meat Feast Parmo from Stockton-on-Tees	No
Food	Australia	No
Food	plastic	No
Food	oyster pail	No
Food	message other travelers	No
Food	responses	No
Food	deli/bakery section	No
Food	likely	No
Food	Aug	No
Food	Methodological Considerations Related	No
Food	melted fat	No
Food	meat drippings	No
Food	fruit juice	No
Food	sauce	No
Food	marinade	No
Food	wire whisk	No
Food	spaghetti	No
Food	substance	No
Food	solid	No
Food	content	No
Food	cognitive_content	No
Food	mental_object	No
Food	‚Äú neexistuje v slovn√≠ku ≈æiadny preklad	No
Food	slovenƒçiny vymaza≈• Katal√≥g firiem Preklady Kurzy a ≈°koly Tlmoƒçenie Jazykov√© pobyty Korekt√∫ry Certifik√°ty Slovenƒçina	No
Food	dosa	No
Food	sambar	No
Food	other nutrients in a balanced diet	No
Food	calorie	No
Food	iron	No
Food	calcium	No
Food	protein	No
Food	excessive sugar	No
Food	such food	No
Food	manufacture	No
Food	processing	No
Food	preparation	No
Food	treatment	No
Food	packaging	No
Food	transport	No
Food	sidebar NICABM Better	No
Food	Wikipedia	No
Food	animal origin	No
Food	essential nutrients	No
Food	such as carbohydrates	No
Food	fats	No
Food	proteins	No
Food	vitamins	No
Food	energy	No
Food	maintain life	No
Food	existence	No
Food	article	No
Food	main subcategories within the Foods category page	No
Food	Dips	No
Food	Legumes	No
Food	pulse	No
Food	silage	No
Food	alfalfa	No
Food	clover	No
Food	peas	No
Food	beans	No
Food	lupins	No
Food	mesquite	No
Food	carob	No
Food	soybeans	No
Food	peanuts	No
Food	common language usage	No
Food	edible in the raw state	No
Food	such as apples	No
Food	oranges	No
Food	grapes	No
Food	strawberries	No
Food	bananas	No
Food	other hand	No
Food	such as bean pods	No
Food	corn kernels	No
Food	wheat grains	No
Food	potatoes	No
Food	dry months	No
Food	next growing season	No
Food	culinary terms	No
Food	mixture of brown	No
Food	red indica rice	No
Food	seed	No
Food	culinary context	No
Food	botanical context	No
Food	paraphrases	No
Food	seeds	No
Food	cereals	No
Food	cooking oils	No
Food	water	No
Food	infants	No
Food	milk of cows	No
Food	goats	No
Food	yaks	No
Food	horses	No
Food	camels	No
Food	female animals of many different species	No
Food	birds	No
Food	reptiles	No
Food	amphibians	No
Food	reptile eggs consist of a protective eggshell	No
Food	egg yolk	No
Food	Popular choices for egg consumption	No
Food	quail	No
Food	roe	No
Food	caviar	No
Food	chicken egg	No
Food	tea	No
Food	omnivorous	No
Food	chickens	No
Food	cattle	No
Food	Today	No
Food	humans	No
Food	mutton	No
Food	meats of camel	No
Food	horse	No
Food	cat	No
Food	alligator	No
Food	crocodile	No
Food	turtle	No
Food	dolphin	No
Food	emu	No
Food	ostrich	No
Food	deer	No
Food	zebra	No
Food	water buffalo	No
Food	whale	No
Food	snake	No
Food	guinea pig	No
Food	squirrel	No
Food	rib roast	No
Food	grass	No
Food	flour for bread	No
Food	cake	No
Food	noodles	No
Food	other food products	No
Food	ground	No
Food	past staple foods	No
Food	various species of molluscs	No
Food	crustaceans	No
Food	food by many species	No
Food	fishery contexts	No
Food	shellfish	No
Food	such as molluscs	No
Food	staple food	No
Food	staple	No
Food	cereals such as wheat	No
Food	barley	No
Food	rye	No
Food	maize	No
Food	root vegetables such as potatoes	No
Food	yams	No
Food	taro	No
Food	legumes	No
Food	pith of the sago palm tree	No
Food	edible plant species in the world	No
Food	exclusive of meat	No
Food	main courses of a meal	No
Food	main dishes	No
Food	meal	No
Food	something such as a sauce	No
Food	particular flavor	No
Food	flavor	No
Food	cultures	No
Food	brand name condiments List of syrups Confectionery [ edit ] Confectionery ‚Äì confectionery	No
Food	making of confections	No
Food	overlapping categories	No
Food	sweet pastries	No
Food	cakes	No
Food	chocolates	No
Food	gum	No
Food	pastillage	No
Food	sweet	No
Food	elaborate creations	No
Food	convenience food	No
Food	assortment of petit fours Neapolitan ice cream Dips	No
Food	semi-liquid colloidal suspension	No
Food	emulsion	No
Food	aggregation	No
Food	carry-out	No
Food	U.K. other than Scotland	No
Food	South Africa	No
Food	Ireland	No
Food	other food items	No
Food	restaurant	No
Food	many ancient cultures	No
Food	common worldwide	No
Food	] In Pompeii	No
Food	number of thermopolia	No
Food	area in Pompeian homes	No
Food	medieval London	No
Food	hot meat pies	No
Food	geese	No
Food	French wine	No
Food	meats	No
Food	squab	No
Food	flans	No
Food	food from these vendors	No
Food	popular amongst the urban poor	No
Food	bad reputation	No
Food	11th century China	No
Food	early 13th century	No
Food	late 14th century that in Cairo	No
Food	meals of lamb kebabs	No
Food	] In Renaissance Turkey	No
Food	fragrant bites of hot meat	No
Food	maize dough	No
Food	meat of turkey	No
Food	gopher	No
Food	eggs	No
Food	flowers	No
Food	livestock	No
Food	traditional diets	No
Food	Erasmo	No
Food	American colonial period	No
Food	oysters	No
Food	corn ears	No
Food	operating hours	No
Food	fruit	No
Food	nuts in Savannah	No
Food	Georgia	No
Food	biscuits	No
Food	] In the 19th century	No
Food	gingerbread-nuts	No
Food	cream mixed with corn	No
Food	early 20th Century	No
Food	poor	No
Food	] In India	No
Food	cooperatives	No
Food	Online food	No
Food	Pizza delivery	No
Food	cost of cutlery	No
Food	many customers	No
Food	America	No
Food	Asia	No
Food	Middle East	No
Food	order	No
Food	pay	No
Food	California fast food restaurant	No
Food	Pig Stand Number	No
Food	drive-throughs	No
Food	prepared food for delivery	No
Food	India	No
Food	Brazil	No
Food	Japan	No
Food	United	No
Food	menu	No
Food	pace with technological developments	No
Food	efficient routes for carriers	No
Food	delivery times	No
Food	orders with PoS software	No
Food	New York Times	No
Food	GrubHub	No
Food	fierce	No
Food	predetermined period of time	No
Food	] For example	No
Food	Disposable food packaging	No
Food	Foam food container	No
Food	paper	No
Food	paperboard	No
Food	fiberboard	No
Food	folded	No
Food	West	No
Food	food in faux-newspaper	No
Food	food-safe paper	No
Food	Switzerland topics	No
Food	worker	No
Food	suggestions for future research	No
Food	low heat for a long time	No
Food	food with bread crumbs	No
Food	cracker crumbs	No
Food	other food	No
Food	starter Novich Start date Jan	No
Food	N Novich Senior Member Castellano	No
Food	Argentina Jan	No
Food	Italian food	No
Food	meat Almost	No
Food	rice cereal ¬´ Cincinnati	No
Food	bologna	No
Food	salami	No
Fiorentina	Stadio Artemio Franchi	No
Fiorentina	C	No
Fiorentina	December	No
Fiorentina	transfers	No
Fiorentina	infamous Adriano	No
Fiorentina	Fiorentina Family page at Surname Finder	No
Fiorentina	checklist of genealogical resources	No
Fiorentina	additional sources for vital records	No
Fiorentina	original documents	No
Fiorentina	surname-based DNA projects	No
Fiorentina	single Fiorentina family tree	No
Fiorentina	people for various reasons	No
Fiorentina	site	No
Fiorentina	Fiorentina ancestor	No
Fiorentina	time of the event	No
Fiorentina	several years	No
Fiorentina	worthwhile	No
Fiorentina	samples	No
Fiorentina	Fiorentina research	No
Fiorentina	ancestors	No
Fiorentina	fun	No
Fiorentina	expert genealogists	No
Fiorentina	Fiorentina Researchers As genealogy researchers	No
Fiorentina	Fiorentina	No
Fiorentina	helpful	No
Fiorentina	page	No
Fiorentina	link	No
Fiorentina	Liverpool Wednesday	No
Fiorentina	morning	No
Fiorentina	couple	No
Fiorentina	home game against Liverpool	No
Fiorentina	today 's partita	No
Fiorentina	November	No
Fiorentina	Levante Flamengo	No
Fiorentina	Colgados No Comments Gica Hagi	No
Fiorentina	usual	No
Fiorentina	number of players	No
Fiorentina	different player	No
Fiorentina	talent	No
Fiorentina	Maradona	No
Fiorentina	major world	No
Fiorentina	Claudio Ranieri at Valencia	No
Fiorentina	native country	No
Fiorentina	brother Sabin by the way	No
Fiorentina	debut in an official match	No
Fiorentina	way	No
Fiorentina	Barcelona	No
Fiorentina	match	No
Fiorentina	Marchionni	No
Fiorentina	Stevan Jovetic	No
Fiorentina	striker	No
Ice Cream	recipe	No
Ice Cream	world	No
Ice Cream	August	No
Ice Cream	s November	No
Ice Cream	hehe	No
Ice Cream	opinion	No
Ice Cream	Anyhow	No
Ice Cream	bets things in the world	No
Ice Cream	Frill	No
Ice Cream	gooey decadent date caramel	No
Ice Cream	peanuts	No
Ice Cream	‚Äô t heard of Frill	No
Ice Cream	products in Sweden	No
Ice Cream	years	No
Ice Cream	@ the_veggienator	No
Ice Cream	HOWEVER	No
Ice Cream	t	No
Ice Cream	classic snicker	No
Ice Cream	peanut	No
Ice Cream	caramel	No
Ice Cream	g	No
Ice Cream	message other travelers	No
Ice Cream	chocolate combination	No
Ice Cream	little	No
Ice Cream	dates	No
Ice Cream	peanut butter	No
Ice Cream	water	No
Ice Cream	salt	No
Ice Cream	pint	No
Ice Cream	caramel ice cream	No
Ice Cream	pan	No
Ice Cream	pan with the ice cream layers	No
Ice Cream	layer	No
Ice Cream	cream	No
Ice Cream	sugar	No
Ice Cream	vegan ice cream	No
Ice Cream	ice cream after dinner	No
Ice Cream	carrots	No
Ice Cream	pumpkin	No
Ice Cream	avocado	No
Ice Cream	taro	No
Ice Cream	ingredients	No
Ice Cream	lemons	No
Ice Cream	lemonade	No
Ice Cream	life	No
Ice Cream	Hey	No
Ice Cream	snow ice cream	No
Ice Cream	kitchen	No
Ice Cream	minutes	No
Ice Cream	Yes	No
Ice Cream	favorite on the blog	No
Ice Cream	Happy snow day	No
Ice Cream	Snow Ice Cream Recipe | 1-Minute Video First	No
Ice Cream	batch	No
Ice Cream	fresh	No
Ice Cream	airy	No
Ice Cream	snow into the milk mixture	No
Ice Cream	scoop-able	No
Ice Cream	*Of course	No
Ice Cream	worried about pollution	No
Ice Cream	teaspoon vanilla extract	No
Ice Cream	large bowl	No
Ice Cream	whisk milk	No
Ice Cream	clean	No
Ice Cream	fluffy	No
Ice Cream	runny	No
Ice Cream	dive	No
Ice Cream	photos Marco Homemade Ice Cream Setaliste Frana Krsinica	No
Ice Cream	Korcula Town	No
Ice Cream	Korcula Island	No
Ice Cream	‚Ç¨5 Restaurant details Hayley C Newton Abbot	No
Ice Cream	Reviewed June	No
Ice Cream	mobile Great ice cream	No
Ice Cream	chocolate	No
Ice Cream	cookies	No
Ice Cream	reward	No
Ice Cream	trade	No
Ice Cream	Blue Bunny Ice Cream Parlor	No
Ice Cream	Filling Station	No
Ice Cream	full range of malts	No
Ice Cream	shakes	No
Ice Cream	tiny	No
Ice Cream	1920s-era filling station	No
Ice Cream	Skyscrapers	No
Ice Cream	Marco Homemade Ice Cream Europe Croatia Dalmatia Dubrovnik-Neretva County Korcula Island Korcula Town Korcula Town Restaurants Marco Homemade Ice Cream Search ‚Äú Great ice cream	No
Ice Cream	partner	No
Ice Cream	delicious vegan strawberry ice cream	No
Ice Cream	gluten	No
Ice Cream	fat	No
Ice Cream	dairy	No
American	Card	No
American	Other American Ballads From Wikipedia	No
American	Genre Folk	No
American	album by American folk singer Odetta	No
American	thick	No
American	heyday	No
American	Paul Robeson	No
American	infirmity	No
American	government 's efforts	No
American	CID	No
American	review for Allmusic	No
American	Pastures of Plenty	No
American	tracks	No
American	Osama bin Laden	No
American	notice	No
American	inhabitant	No
American	habitant	No
American	dweller	No
American	denizen	No
American	indweller	No
American	blues Label Vanguard Odetta chronology My Eyes	No
American	Personnel [ edit ] Odetta ‚Äì vocals	No
American	guitar Bill Lee ‚Äì bass Fred Hellerman ‚Äì guitar Robert De Cormier ‚Äì choral arranger	No
American	b Eder	No
American	Osama bin Laden From Wikipedia	No
American	Afghanistan	No
American	Muslim volunteers from other countries	No
American	war	No
American	armed jihad in other venues	No
American	response	No
American	American government	No
American	operation	No
American	Saturday	No
American	July	No
American	file photo	No
American	sales of engineering	No
American	operations for automakers	No
American	AP Photo/Mark Schiefelbein	No
American	eGift Card	No
American	terms	No
American	law	No
American	cases	No
American	Puerto Rico	No
American	e.g	No
American	Yes	No
American	card	No
American	cash	No
American	name	No
American	Conditions	No
American	Letters from the Estate	No
American	English	No
American	English_language	No
American	New Zealand	No
American	Big Tech	No
American	simple privacy law	No
American	Galaps	No
American	Download Text	No
American	Ballad	No
American	free encyclopedia Jump	No
American	eclipse as an artist	No
American	rendition	No
American	Bruce	No
American	September	No
American	journalist	No
American	Pakistan government	No
American	foreign mujahideen	No
American	other American officials	No
American	training	No
American	underground camp at Khost	No
American	links	No
American	] Robin Cook	No
American	Foreign Secretary in the UK	No
American	Arab mujahideen	No
American	Bin Laden	No
American	former British Defence Secretary Michael Portillo	No
American	] Prince Bandar bin Sultan of Saudi Arabia	No
American	mid-'80s	No
American	efforts	No
American	friends	No
American	atheists	No
American	other words	No
American	bring America	No
American	tax By JOE McDONALD July	No
American	trade war with China	No
American	pain on the U.S. economy	No
American	China ‚Äô	No
American	balance	No
American	Personal Travel Expand / Collapse Book A Trip Book Hotels Book Flights	No
American	Cars	No
American	Cruises	No
American	used herein	No
American	applicable	No
American	Company	No
American	cards	No
American	AEPCMC	No
American	Card a debit	No
American	debit	No
American	redeemable for cash	No
American	back of the Gift Card	No
American	ready for use	No
American	retailers in the United	No
American	retail purchases	No
American	Merchants in the United	No
American	purchase	No
American	final payments	No
American	dormancy	No
American	No	No
American	funds	No
American	date	No
American	Card if the Card	No
American	receipt of the Card	No
American	refund	No
American	First	No
American	purchase with the Card	No
American	full amount of that purchase	No
American	other fees	No
American	Second	No
American	gratuity	No
American	actual transaction posts	No
American	Available Balance reaches	No
American	valid	No
American	insufficient Available Balance on the Card	No
American	request	No
American	Merchant 's policy	No
American	payment	No
American	such as cash	No
American	swiped	No
American	Gift Card	No
American	Merchants	No
American	online Merchants	No
American	balance from any iPhone	No
American	mail-order	No
American	mail-order with the Card	No
American	restaurants	No
American	Restaurants	No
American	Available Balance	No
American	cashier for an amount equal	No
American	address	No
American	Card number	No
American	theft of the Card	No
American	case of a Gift Card	No
American	case of an eGift Card	No
American	replacement eGift Card	No
American	subject	No
American	Available Balance until the credit posts	No
American	interruption of Card service	No
American	quality	No
American	safety	No
American	legality	No
American	Merchant with the Card	No
American	new terms	No
American	Conditions at any time	No
American	addition	No
American	cancel	No
American	connection with the Card	No
American	mail	No
American	postage prepaid	No
American	claims	No
American	tort claims	No
American	claim	No
American	reimbursement	No
American	rights	No
American	occasion	No
American	Customer Service call	No
American	home phone number	No
American	date of birth	No
American	Cardholder Information	No
American	Card purchaser	No
American	email address and/or telephone number	No
American	customer service calls	No
American	such as the date	No
American	regulatory compliance	No
American	physical	No
American	electronic	No
American	Card transactions	No
American	customer service	No
American	zip code authorization	No
American	Cards	No
American	companies	No
American	services	No
American	marketing services	No
American	offers	No
American	United	No
American	U.S. strikes Iran	No
American	Trump	No
American	death anniversary of the late revolutionary founder Ayatollah Khomeini	No
American	poster at rear	No
American	Tehran	No
American	Iran	No
American	June	No
American	stories that matter	No
American	SUBSCRIBE June	No
American	military conflict	No
American	Strait of Hormuz	No
American	action	No
American	U.S. Navy	No
American	missile attack	No
American	proxies	No
American	major damage on American allies	No
American	experts	No
American	letters from the estate	No
American	American	No
American	speakers with the cot‚Äìcaught merger	No
American	local companies	No
American	small	No
American	status	No
Pollo Ad Astra	Pizza Express	No
Pollo Ad Astra	calories	No
Pollo Ad Astra	carbs	No
Pollo Ad Astra	fat	No
Pollo Ad Astra	protein	No
Pollo Ad Astra	cholesterol	No
Margherita	‚Ä¢ Sep	No
Margherita	sensor	No
Margherita	games	No
Margherita	decision	No
Margherita	water	No
Margherita	fire	No
Margherita	wine	No
Margherita	olive oil	No
Margherita	wheat	No
Margherita	flour	No
Margherita	mozzarella	No
Margherita	tomatoes	No
Margherita	Sep	No
Margherita	panasonic Z5	No
Margherita	zoom good burst mode	No
Margherita	meg	No
Margherita	good as fuji camera	No
Margherita	IS	No
Margherita	Complain Shaun Williamson ‚Ä¢ Senior Member ‚Ä¢ Posts	No
Margherita	Complain RJNedimyer ‚Ä¢ Veteran Member ‚Ä¢ Posts	No
Margherita	free	No
Margherita	digital signage	No
Margherita	automotive	No
Margherita	shoe laces	No
Margherita	shoes	No
Margherita	Pod sensor	No
Margherita	funny	No
Margherita	girl	No
Margherita	boy	No
Margherita	game	No
Margherita	Microsoft Office	No
Margherita	June	No
Margherita	Tuscany	No
Margherita	transfers	No
Margherita	historical costume	No
Margherita	historical architects	No
Margherita	Renzo Arbore	No
Margherita	Toni Garrani	No
Margherita	Anna Fendi	No
Margherita	Alessandro Pace	No
Margherita	Stefano Disegni in order	No
Margherita	Shaun Williamson ‚Ä¢ Sep	No
Margherita	Yep	No
Margherita	harsh	No
Margherita	football	No
Margherita	soccer	No
Margherita	baseball	No
Margherita	wrestling	No
Margherita	hockey	No
Margherita	much competition in the image quality area	No
Margherita	first answer	No
Margherita	HOWEVER	No
Margherita	wait for the next wonder camera	No
Margherita	RJNedimyer ‚Ä¢ Sep	No
Margherita	Holy	No
Margherita	forum	No
Margherita	NO	No
Margherita	friends	No
Margherita	remissions	No
Margherita	comment	No
Margherita	AGAIN	No
Margherita	Complain George Lechter ‚Ä¢ Senior Member ‚Ä¢ Posts	No
Margherita	spectacular	No
Margherita	great	No
Margherita	lot of work	No
Margherita	lit	No
Margherita	IS wide end	No
Margherita	other hand	No
Margherita	Maine Online Store for toothpaste	No
Margherita	mouthwash	No
Margherita	soaps	No
Margherita	deodorant	No
Margherita	months	No
Margherita	IoT	No
Margherita	list of Item Combinations	No
Margherita	//goo.gl/I7XlST My Dolphin Show	No
Margherita	T	No
Margherita	Volcano mining	No
Margherita	own	No
Margherita	holiday season	No
Margherita	Pod Kit	No
Margherita	fact	No
Margherita	logo- side	No
Margherita	horizontal	No
Margherita	Experience sports	No
Margherita	training	No
Margherita	first	No
Margherita	tight	No
Margherita	secure spot for the sensor	No
Margherita	ipod hacks	No
Margherita	apple	No
Margherita	gumstix	No
Margherita	ipod	No
Margherita	nike	No
Margherita	nike+ipod	No
Margherita	nickschmidt	No
Margherita	downside	No
Margherita	addition	No
Margherita	outside of the shoe	No
Margherita	Xacto knife	No
Margherita	secure	No
Margherita	pics	No
Margherita	place the sensor	No
Margherita	method	No
Margherita	mine	No
Margherita	t slide around inside the tongue	No
Margherita	inaccurate readings	No
Margherita	foot	No
Margherita	old standby duct tape	No
Margherita	laces	No
Margherita	shoe	No
Margherita	tape	No
Margherita	skills	No
Margherita	Web Goddess	No
Margherita	simple fabric tube	No
Margherita	top	No
Margherita	snug fit for the sensor	No
Margherita	removable	No
Margherita	course	No
Margherita	several new products	No
Margherita	task	No
Margherita	USB flash drives	No
Margherita	snug ride for the sensor	No
Margherita	velcro	No
Margherita	Lid	No
Margherita	pouch	No
Margherita	added security	No
Margherita	s experiences with the Shoe Pouch	No
Margherita	All- in-	No
Margherita	Shoe Pouch simple	No
Margherita	runner ‚Äô s keys	No
Margherita	cash	No
Margherita	roomy	No
Margherita	inaccurate results	No
Margherita	time	No
Margherita	loose	No
Margherita	market	No
Margherita	minor	No
Margherita	Pod sensor adapter	No
Margherita	built- in power button access	No
Margherita	undone	No
Margherita	accuracy	No
Margherita	Marware	No
Margherita	i. Pod accessory makers	No
Margherita	high- quality product	No
Margherita	unwanted movement of the pouch	No
Margherita	action games	No
Margherita	rpg	No
Margherita	Infinite Money	No
Margherita	Gravity	No
Margherita	Instant Speed	No
Margherita	free flash games	No
Margherita	updated weekly	No
Margherita	Chapter	No
Margherita	sweet	No
Margherita	side	No
Margherita	players games	No
Margherita	strategy games	No
Margherita	timing games	No
Margherita	kids games	No
Margherita	obstacle games	No
Margherita	Sandals Gladiator	No
Margherita	Sandals Crusader Hacked	No
Margherita	one	No
Margherita	Swords	No
Margherita	sandals	No
Margherita	TV	No
Margherita	Movies	No
Margherita	Software	No
Margherita	Games	No
Margherita	Seven	No
Margherita	Vista	No
Margherita	Adobe Photoshop CS5	No
Margherita	Camtasia Studio serial key	No
Margherita	Beside	No
Margherita	trial product key	No
Margherita	trial key	No
Margherita	deletion recovery software	No
Margherita	microsoft-office-2007-free-hack.pdf	No
Margherita	filesize	No
Margherita	crack	No
Margherita	serial	No
Margherita	keygen	No
Margherita	full	No
Margherita	version	No
Margherita	torrent	No
Margherita	activation on Microsoft Office	No
Margherita	key of some form	No
Margherita	Full version downloads available	No
Margherita	hack	No
Margherita	Microsoft Office Word	No
Margherita	Hack microsoft office	No
Margherita	Florence	No
Margherita	Trieste	No
Margherita	Friuli-Venezia Giulia	No
Margherita	Margherita Hack	No
Margherita	Born in Florence	No
Margherita	Roberto Hack	No
Margherita	mother	No
Margherita	Maria Luisa Poggesi	No
Margherita	work history	No
Margherita	affiliations	No
Margherita	La Stua de Michil	No
Margherita	Rifugio Valle Vogna	No
Margherita	diamond stars	No
Margherita	years	No
Margherita	daisy in Italian	No
Margherita	people	No
Cajun	D.L	No
Cajun	Louisiana	No
Cajun	Acadiana	No
Cajun	Pirogue	No
Cajun	Acadian World Congress	No
Cajun	Coonass	No
Cajun	German Coast	No
Cajun	Clovis Crawfish	No
Cajun	house parties	No
Cajun	tracks	No
Cajun	time	No
Cajun	Royal Proclamation	No
Cajun	Acadian	No
Cajun	thyme	No
Cajun	garlic powder	No
Cajun	onion powder	No
Cajun	salt	No
Cajun	oregano	No
Cajun	autistic release	No
Cajun	pubblicazione Come creare una Lista Classifica mensile Aiuta a tradurre Discogs Generi Rock Elettronica Hip Hop Folk	No
Cajun	World	No
Cajun	Marketplace Formato Vinile	No
Cajun	CD	No
Cajun	Cassette	No
Cajun	DVD	No
Cajun	Cofanetto	No
Cajun	Genere Rock	No
Cajun	Elettronica	No
Cajun	Pop	No
Cajun	Funk / Soul	No
Cajun	Jazz	No
Cajun	Stile Pop Rock	No
Cajun	House	No
Cajun	Disco	No
Cajun	Synth-pop	No
Cajun	Soul	No
Cajun	preferred language	No
Cajun	language	No
Cajun	Back Door	No
Cajun	Was Married D.L	No
Cajun	Bachelor 's Life D.L	No
Cajun	Valse de Jolly Rogers D.L	No
Cajun	Better Life D.L	No
Cajun	Rebecca Ann D.L	No
Cajun	Miller 's Cave D.L	No
Cajun	Water Pump D.L	No
Cajun	Riches of a Musician D.L	No
Cajun	Crown D.L	No
Cajun	Jole Blon	No
Cajun	Acadians	No
Cajun	own language	No
Cajun	addition	No
Cajun	consumer of seafood	No
Cajun	China	No
Cajun	Cajun seafood	No
Cajun	Crawfish	No
Cajun	interchangeable descriptors	No
Cajun	different	No
Cajun	New Orleans	No
Cajun	African descent	No
Cajun	Creole food	No
Cajun	core	No
Cajun	European	No
Cajun	one	No
Cajun	exotic	No
Cajun	ingredients	No
Cajun	great deal of variety	No
Cajun	Cajun culture	No
Cajun	other hand	No
Cajun	Acadia region of Canada	No
Cajun	resourceful	No
Cajun	reason	No
Cajun	Cajun food differs	No
Cajun	message other travelers	No
Cajun	Biloxi St	No
Cajun	Old Bay	No
Cajun	Review of Breaux Bridge Antique Mall Reviewed June	No
Cajun	mall	No
Cajun	helpful	No
Cajun	Cajun	No
Cajun	various types of jarred roux	No
Cajun	case	No
Cajun	offensive	No
Cajun	slur coonass	No
Cajun	unsure	No
Cajun	vulgar	No