Viruses	denial-of-service	No
bot	malware	No
process	attack	No
one	malicious	No
person	entity	No
program	new	No
It	legitimate	No
They	control	No
user	unwanted	No
Companies	method	No
Greeks	Troy	No
Bot	service	No
user	program	No
Bots	human	No
hijacker	own	No
application	transfer	No
mining	standalone	No
it	mining	No
code	explicit	No
they	notice	No
Wipers	useless	No
backdoor	malicious	No
malware	Common	No
attacker	flood-type	No
software	electricity	No
header	destination	No
they	same	No
process	covertness	No
mining	purpose	No
entity	online	No
Users	it	No
action	unaware	No
virus	program	No
others	such	No
malware	corporate	No
user	vulnerability	No
software	malcode	No
botnets	automated	No
they	other	No
authorization	cybercriminal	No
malware	motif	No
ransom	ransom	No
Malware	legitimate	No
majority	such	No
it	unaided	No
virus	program	No
virus	program	No
process	system	No
A	data	No
it	revenue	No
it	easier	No
Examples	unauthorized	No
resource	mathematical	No
user	icon	No
rootkits	other	No
system	specific	No
Trojans	such	No
adware	cyberthief	No
crawler	dead	No
they	malware	No
functionality	lower	No