it	Greece
it	simple
pizza	option
topping	oil
crust	thick
dough	pizza
garlic	vendor
ingredient	doughy
pizza	culinary
pizza	garlic
pizza	similarity
crust	enough
you	mozzarella
you	own
topping	hungry
crust	onion
pizza	topping
pizza	Italian
mozzarella	vegetable
sauce	top
they	it
pizza	olive
him	authentic
style	thin
Baking	second
you	thinner
it	important
pizza	unusual
you	slice
they	similar
pie	cheese
LaDou	Prego
he	pepper
LaDou	Kitchen
people	many
you	long
tomato	cheddar
pie	way
you	desired
You	different
it	pizza
you	little
you	famous
style	crust